'CODIGO','REFERENCIA','DESCRICAO','NOME','FORNECEDOR','MEDIDA','PRECO','CUSTOCOMPR','CUSTOMEDIO','QTD_COMPRA','QTD_ATUAL','QTD_MINIM','QTD_INICIO','DAT_INICIO','ULT_COMPRA','ULT_VENDA','PESO','CF','IPI','ST','COMISSAO','OBS','QTD_VEND','CUS_VEND','VAL_VEND','LUC_VEND','ATIVO','MARGEMLB','ALTERADO'
'00001','7897190305632','CHICLE BRINQ','CHICLETES','Pepsico do Brasil Ltda','',3.54,2,2,621,14,1,-101,'11/06/2002','06/10/2016','06/10/2016',,'20',0,'100',0,'






',52,86.84,129.48,42.64,'False',77,''
'00002','7897190305625','CHICLE BRINQ HORTELÃ','CHICLETES','Pepsico do Brasil Ltda','',3.54,2,2,149,1,10,0,'11/06/2002','28/03/2016','06/09/2016',0,'20',0,'100',0,'




',0,0,0,0,'',77,''
'00012','7896423497915','CHOCOLATE SNICKERS','CHOCOLATES','COM.DOCES LUCKY JOSEMAR','',34.97,32.99,32.99,477,0,1,-54,'11/06/2002','18/08/2014','01/02/2016',0,'20',0,'100',0,'


',0,0,0,0,'False',6,''
'00023','7891000003299','CHOKITO CX','CHOCOLATES','BRIZA IND.COM.DOCES LTDA','',26.4,25,25,944,6,2,-96,'13/06/2002','06/10/2016','07/08/2015',0,'20',0,'100',0,'

',0,0,0,0,'',,''
'00033','7897077800137','CONFEITEIRO AÇUCAR IMPALPAVÉL HARALD','CHOCOLATES','RICLAN S.A','',7.49,6.99,6.99,184,9,2,0,'13/06/2002','06/10/2016','27/09/2016',0,'20',0,'100',0,'



',0,0,0,0,'False',,''
'00054','7897064810200','CONFEITEIROS FESTAS','DIVERSOS','DOCILE ALIMENTOS LTDA','',3.87,2.8,2.8,0,3,1,0,'13/06/2002','06/10/2016','30/09/2016',0,'20',0,'100',0,'


',0,0,0,0,'False',,''
'00074','7896066761435','COBER TOP AO LEITE','DIVERSOS','SILMAR COM DE BRINQUEDOS','',15.89,14.8,14.8,30,10,2,0,'13/06/2002','06/10/2016','09/10/2015',0,'',0,'',0,'



',0,0,0,0,'False',120,''
'00075','810812005687','COBER TOP MEIO AMARGO BEL','CHOCOLATES','JFTATTY','',16.74,15.5,15.5,36,10,2,-19,'13/06/2002','06/10/2016','15/01/2015',0,'20',0,'100',0,'


',0,0,0,0,'False',,''
'00183','7897156100929','CARAMELO SANTA RITA LEITE 700G','BALAS','JFTATTY','',6.49,5.5,5.5,39,5,1,-14,'15/06/2002','29/04/2016','30/09/2016',0,'20',0,'100',0,'

',0,0,0,0,'',18,''
'00260','7891118010752','CHICLE FLICS UVA','CHICLETES','COM.GRANOS','',4.8,4,4,-136,10,1,0,'15/06/2002','11/07/2014','19/04/2016',0,'20',0,'100',0,'

',0,0,0,0,'False',20,''
'00261','7891118025145','CHICLE FLICS TUTTI FRUTTI','CHICLETES','COM.GRANOS','',4.8,4,4,-136,10,1,0,'15/06/2002','23/09/2016','29/09/2016',0,'20',0,'100',0,'
',0,0,0,0,'False',20,''
'00262','7891118025152','CHICLE FLICS HORTELÃ','CHICLETES','JABOLAC','',4.8,4,4,168,10,1,0,'15/06/2002','30/08/2016','28/09/2016',0,'20',0,'100',0,'
',0,0,0,0,'False',20,''
'00263','7891118001699','CHICLE FLICS EXTRA FORTE','CHICLETES','TUTTI','',4.8,4,4,-36,10,1,0,'15/06/2002','19/11/2015','29/09/2016',0,'20',0,'100',0,'
',1,0.76,1.1,0.34,'False',20,''
'00264','7891118013319','CHICLE FLICS 7 BELO','CHICLETES','TRIUNFANTE','',4.8,4,4,-21,10,1,0,'15/06/2002','22/08/2016','28/09/2016',0,'20',0,'100',0,'
',18,13.68,19.8,6.12,'False',20,''
'00266','7891118012022','CHICLETE BIG BIG HORTELÃ','CHICLETES','MELRRO','',6.1,5,5,108,10,1,-24,'15/06/2002','22/08/2016','28/09/2016',0,'20',0,'100',0,'
',33,26.07,36.3,10.23,'False',22,''
'00267','7891118013210','CHICLETE BIG BIG ALGODÃO DOCE','CHICLETES','IND.COM.CHOC.TATI LTDA','',6.1,5,5,-12,10,1,0,'15/06/2002','22/08/2016','30/09/2016',0,'20',0,'100',0,'
',9,7.11,9.9,2.79,'False',22,''
'00268','7891118013104','CHICLETE BIG BIG MAÇÃ DO AMOR','CHICLETES','DORI IND PROD.LTDA','',6.1,5,5,-8,10,1,0,'15/06/2002','10/04/2014','25/02/2016',0,'20',0,'20',0,'
',0,0,0,0,'False',22,''
'00269','7891118013593','CHICLETE POOSH HORTELÃ','CHICLETES','GARCIA DISTRIBUIDORA','',3.45,2.79,2.79,0,10,1,0,'15/06/2002','10/04/2014','21/03/2015',0,'20',0,'20',0,'
',0,0,0,0,'False',23.5,''
'00270','7891118013678','CHICLETE POOSH BANANA','BALAS','','',3.45,2.79,2.79,6,5,1,0,'15/06/2002','10/04/2014','03/04/2014',0,'20',0,'20',0,'
',0,0,0,0,'False',23.5,''
'00272','7891118013357','CHICLETE POOSH CRISTAL','CHICLETES','CASA DOCE IND.E COM.DE ALIMENTOS LT','',3.45,2.79,2.79,-16,10,1,0,'15/06/2002','10/04/2014','19/08/2014',0,'20',0,'100',0,'


',0,0,0,0,'False',23.5,''
'00273','7891118008179','CHICLETE POOSH UVA','CHICLETES','DOCES POMBALENSE','',3.45,2.79,2.79,-120,10,1,0,'15/06/2002','10/04/2014','26/12/2015',0,'20',0,'100',0,'
',0,0,0,0,'False',23.5,''
'00274','7896306617720','CHICLETE BLONG YOGURT MORANGO','CHICLETES','PIPOCA CRISTAL','',2.99,2.49,2.49,528,20,1,0,'15/06/2002','29/04/2016','26/09/2016',0,'20',0,'100',0,'
',0,0,0,0,'False',20,''
'00275','7896306617638','CHICLETE BLONG NAPOLITANO','CHICLETES','JABOLAC','',2.99,2.49,2.49,40,20,2,0,'15/06/2002','07/08/2002','17/11/2014',0,'20',0,'20',0,'
',0,0,0,0,'False',20,''
'00276','7896306617676','CHICLETE BLONG MAÇÃ VERDE','CHICLETES','SINARJAYA','',2.99,2.49,2.49,477,20,1,-324,'15/06/2002','09/05/2014','14/05/2014',0,'20',0,'100',0,'
',0,0,0,0,'False',20,''
'00277','7896306617621','CHICLETE BOLG MELANCIA','CHICLETES','PURO SABOR','',2.99,2.49,2.49,1383,20,1,0,'15/06/2002','05/04/2014','10/06/2014',0,'20',0,'100',0,'
',0,0,0,0,'False',20,''
'00278','7896306617652','CHICLETE BLONG BLUE','CHICLETES','SINARJAYA','',2.99,2.49,2.49,3053,20,1,-317,'15/06/2002','22/09/2016','27/09/2016',0,'20',0,'100',0,'
',0,0,0,0,'False',20,''
'00279','7896043311271','CHICLETE SPISH UVA','CHICLETES','SINARJAYA','',2.99,2.49,2.49,3309,5,1,-371,'15/06/2002','17/09/2016','30/09/2016',0,'20',0,'100',0,'
',21,11.97,26.25,14.28,'',20,''
'00280','7896043311295','CHICLETE SPISH HORTELÃ','CHICLETES','DIST.PROD.ALIM.BJ','',2.99,2.49,2.49,70,5,1,0,'15/06/2002','23/08/2016','07/09/2016',0,'20',0,'100',0,'
',23,13.11,28.75,15.64,'',20,''
'00281','7896043320181','CHICLETE SPISH TUTTI FRUTTI','CHICLETES','MARSIL','',2.99,2.49,2.49,340,5,1,-80,'15/06/2002','07/02/2014','28/05/2015',0,'20',0,'100',0,'
',0,0,0,0,'False',20,''
'00283','7896312110048','CHICLETE HAPPY BOL MORANGO','CHICLETES','JFTATTY','',2.75,2.2,2.2,719,5,1,-63,'15/06/2002','09/09/2016','29/09/2016',0,'20',0,'100',0,'
',42,23.94,52.5,28.56,'False',25,''
'00284','7896312110055','CHICLETE HAPPY BOL TUTTI FRUTTI','CHICLETES','S MONTEIRO','',2.75,2.2,2.2,556,5,2,0,'15/06/2002','26/10/2015','01/12/2015',0,'20',0,'100',0,'


',0,0,0,0,'False',25,''
'00285','7896312110086','CHICLETE HAPPY BOL MELANCIA','CHICLETES','GULA CRECK','',2.75,2.2,2.2,363,3,1,0,'15/06/2002','08/06/2016','22/07/2016',0,'20',0,'100',0,'
',12,4.8,9,4.2,'False',25,''
'00286','7896312110079','CHICLETE HAPPY BOL HORTELÃ','CHICLETES','NUTRI BONN','',2.75,2.2,2.2,144,5,1,0,'15/06/2002','27/11/2015','18/02/2016',0,'20',0,'100',0,'
',0,0,0,0,'False',25,''
'00287','7896312108267','CHICLETE HAPPY BOL UVA','CHICLETES','MINDY','',2.75,2.2,2.2,24,5,1,0,'15/06/2002','23/09/2016','29/09/2016',0,'20',0,'100',0,'
',0,0,0,0,'False',25,''
'00288','7896312108236','CHICLETE HAPPY BOL MARACUJA','CHICLETES','PIPOCA CRISTAL','',2.75,2.2,2.2,72,5,1,0,'15/06/2002','13/04/2016','14/09/2016',0,'20',0,'100',0,'
',0,0,0,0,'False',25,''
'00290','7891151032957','CHICLETE BUZZI ADVENTURE HORTELÃ 400G','CHICLETES','DOCIAN ALIMENTOS LTDA','',3.8,3,3,40,10,1,0,'15/06/2002','22/07/2014','10/12/2014',0,'20',,'5',0,'
',0,0,0,0,'False',26.8,''
'00292','7891151034302','CHICLETE ADVENTURE TUTTI FRUTTI 400G','CHICLETES','GARCIA DISTRIBUIDORA','',3.8,3,3,60,20,1,0,'15/06/2002','01/09/2016','24/09/2016',0,'20',0,'',0,'
',5,2,3.75,1.75,'False',26.5,''
'00293','7895800164501','CHICLETES HORTELÃ ADAMS','CHICLETES','DUN DUN','',18.8,17.8,17.8,485,3,1,0,'15/06/2002','07/10/2016','10/09/2016',0,'20',0,'100',0,'


',12,4.8,9,4.2,'False',,''
'00309','7891151033817','CHICLETE BUZZY MONSTER HIGH S. HORTELÃ','CHICLETES','NEVADA','',5.45,4.8,4.8,-1440,20,2,0,'16/06/2002','07/10/2016','30/09/2016',0,'20',0,'100',0,'
',56,57.68,89.6,31.92,'False',55,''
'00333','7897190306608','CHICLETE BRINQ PACTE 320G','CHICLETES','GARCIA DISTRIBUIDORA','',2.19,1.5,1.5,237,20,1,-207,'17/06/2002','14/12/2013','30/03/2015',0,'20',0,'100',0,'

',0,0,0,0,'False',46,''
'00337','7896350809379','CHICLETE DANNY BALL','DIVERSOS','Pepsico do Brasil Ltda','',3.5,2.8,2.8,173,20,1,0,'17/06/2002','28/06/2014','07/12/2015',0,'20',0,'20',0,'
',0,0,0,0,'False',25,''
'00346','7896350813017','CHICLETE DANNY BALL C 18 UN','CHICLETES','PRODASA','',5.9,4.5,4.5,3133,15,1,-2452,'17/06/2002','13/06/2014','06/08/2014',0,'20',,'0',0,'
',0,0,0,0,'False',31,''
'00347','7896350809621','CHICLETE DANNY BALL C 78 UN','CHICLETES','KIVALE ALIMENTOS DO BRASIL','',18.99,14.75,14.75,780,10,1,-180,'17/06/2002','26/09/2016','30/09/2016',0,'20',0,'100',0,'
',758,83.38,189.5,106.12,'False',28.75,''
'00353','7896202891576','CHUP DE LEITE OLIVEIRA 1,5KG','DIVERSOS','TATIS','',14.72,12,12,72,2,1,0,'17/06/2002','28/07/2015','14/09/2015',0,'20',0,'100',0,'
',0,0,0,0,'False',22.7,''
'00409','','CRISTAL PALITO 2,KG','SALGADINHOS','COM.DOCES LUCKY','',16.5,13.5,13.5,4712,15,2,-3558,'02/07/2002','07/10/2016','29/02/2016',0,'20',0,'100',0,'

',0,0,0,0,'False',22.2,''
'00410','','CRISTAL CEBOLA 2,KG','SALGADINHOS','CHIANG PRODUTOSALIM LTDA','',16.5,13.5,13.5,320,15,2,0,'04/07/2002','07/10/2016','14/09/2015',0,'20',0,'100',0,'',0,0,0,0,'False',22.2,''
'00411','','CRISTAL CONCHINHA 2,0 KG','SALGADINHOS','BYG BEM','',16.5,13.5,13.5,1,15,2,0,'05/07/2002','07/10/2016','19/12/2015',0,'20',0,'100',0,'

',0,0,0,0,'',22.2,''
'00493','7897096102236','COLHER REF. TRANSP. PARABENS','DIVERSOS','BYG BEM','',5.58,3.65,3.65,149,0,1,0,'27/07/2002','18/02/2011','18/06/2014',0,'20',0,'100',0,'
',0,0,0,0,'',53,''
'00530','7894900011609','Coca cola 600ml','DIVERSOS','CLAMEL-IND E COM PROD ALIM LTDA EPP','',4.5,3.19,3.19,1465,6,1,0,'05/08/2002','08/09/2016','30/09/2016',0,'20',0,'100',0,'

',21,66.99,94.5,27.51,'False',41,''
'00533','7894900010015','coca lata 350ml','DIVERSOS','ASSAI','',3.5,1.99,1.99,-42,1,1,0,'06/08/2002','19/09/2016','30/09/2016',0,'20',0,'100',0,'
',10,19.9,35,15.1,'False',76,''
'00669','7894900700015','COCA ZERO LATA 350ML','REFRIGERANTE','ASSAI','',3,1.59,1.45,45,-1,0,0,'19/12/2002','26/10/2013','03/09/2016',0,'20',0,'100',0,'',0,0,0,0,'False',,''
'00674','7898142861428','CHOCO.SNAK','DOCES','LEME AGUA','',1.49,0.99,0.5,428,0,0,11,'19/12/2002','02/10/2015','04/01/2016',0,'20',0,'100',0,'',0,0,0,0,'True',49.9,''
'00679','','CHICLETE DE 0,15','CHICLETES','QUALYBOM INDUSTRIA E COMERCIO LTDA','',0.15,0.06,0.07,150,-5,,0,'20/12/2002','13/09/2016','30/09/2016',0,'20',0,'100',0,'',2161,129.66,324.15,194.49,'False',150,''
'00691','','CHICLETE 0,05','CHICLETES','DORI IND PROD.LTDA','',0.05,0.03,0.03,72,40,0,0,'28/01/2003','14/06/2013','05/04/2016',0,'20',0,'20',0,'',0,0,0,0,'False',60,''
'00697','7891000113417','CHOCOLATE KIT KAT','DIVERSOS','RANEA IND E COM PROD ALIMENTICIOS','',3,2.04,2.04,245,43,2,0,'12/02/2003','11/08/2010','30/09/2016',0,'20',0,'100',0,'',0,0,0,0,'False',47,''
'00712','7606060943023','CANDY BOOM UVA 5,5G','DIVERSOS','MAKEY','',0.29,0.17,0,0,0,1,0,'28/02/2003','08/02/2013','16/06/2016',0,'20',0,'100',0,'',0,0,0,0,'False',70,''
'00717','7896486202884','Coquinho Prodasa 400g','BISCOITOS','RICLAN S.A','',2.5,1.67,1.67,-460,0,1,0,'05/03/2003','08/08/2014','26/12/2014',0,'20',0,'100',0,'',0,0,0,0,'True',49.5,''
'00724','7896226303093','CORANTE VIOLETA ARTCOLOR 10ML','DIVERSOS','MARITUCS ALIMENTOS','',1.55,0.84,0.84,1030,0,0,0,'19/03/2003','04/04/2014','09/07/2016',3,'20',0,'100',0,'',0,0,0,0,'True',85,''
'00725','7896226300030','CORANTE ARTCOLOR BORDO 10ML','DIVERSOS','MARITUCS ALIMENTOS','',1.55,0.84,0.84,441,0,1,0,'19/03/2003','08/07/2013','28/03/2014',0,'20',0,'100',0,'',0,0,0,0,'True',85,''
'00727','7897742108216','COPINHO DESC BRANCO','DIVERSOS','MARITUCS ALIMENTOS','',2.9,1.75,1.75,176,0,1,0,'19/03/2003','05/04/2014','11/12/2015',0,'20',0,'100',0,'',0,0,0,0,'False',65.5,''
'00728','7898306900185','casadinho','DIVERSOS','MARITUCS ALIMENTOS','',2.85,1.9,1.9,25,-1,1,0,'19/03/2003','30/05/2014','07/09/2016',0,'20',0,'100',0,'',0,0,0,0,'False',50,''
'00730','7897077806092','Cob TOP BRANCO BARRA 1,01KG','CHOCOLATES','MARITUCS ALIMENTOS','',16.89,11.73,11.35,336,0,0,-58,'19/03/2003','30/08/2013','11/03/2014',0,'20',0,'100',0,'',0,0,0,0,'True',44,''
'00752','','COCADA DOCELAC','DOCES','DIST.PROD.ALIM.BJ','',0.69,0.46,0.42,720,0,0,-1769,'15/04/2003','04/04/2014','28/04/2014',0,'20',0,'100',0,'',0,0,0,0,'False',50,''
'00770','7896226303086','CORANTE ROXO ARTCOLOR 10ML','DIVERSOS','MONIBEL IND.E COM.DE ALIM.LTDA','',1.55,0.84,0.84,-164,0,0,0,'19/04/2003','04/04/2014','13/07/2015',0,'20',0,'100',0,'',0,0,0,0,'True',85,''
'00772','7893333289128','CLUB SOCIAL ORIGINAL 156g','BISCOITOS','SANTA FÉ','',3.59,2.38,2.38,-2556,0,0,0,'20/04/2003','03/09/2013','20/01/2014',0,'20',0,'100',0,'',0,0,0,0,'True',51,''
'00782','7896019611749','CHOC. LANCY','CHOCOLATES','JFTATTY','',1.45,0.83,0.79,-174,0,0,0,'06/05/2003','18/10/2013','11/03/2014',0,'',0,'',0,'',0,0,0,0,'True',75,''
'00784','7894900011517','COCA COLA 2,l','REFRIGERANTE','FLORESTAL','',7,4.96,4.96,252,0,2,-59,'09/05/2003','12/02/2016','11/04/2016',0,'20',0,'100',0,'',0,0,0,0,'False',41.2,''
'00785','7897347535738','COCADA MISTA JABOLAC 200G','DOCES','BOAVISTENSE.','',3.25,2.56,2.37,260,0,0,0,'09/05/2003','02/05/2014','25/08/2014',0,'20',0,'100',0,'',0,0,0,0,'False',27,''
'00796','7896058507980','CONF.MIÇANGA AZUL DORI 150G','CHOCOLATES','DORI IND PROD.LTDA','',1.52,0.95,0.95,62,0,1,0,'27/05/2003','26/09/2014','06/06/2015',0,'20',0,'100',0,'

',0,0,0,0,'False',60,''
'00800','0320370076109','CAsadinho de Nata','BISCOITOS','PECCIN S.A','',1.5,1,0.75,20,5,1,-41,'30/05/2003','19/08/2016','31/01/2013',0,'20',0,'100',0,'

',0,0,0,0,'False',50,''
'00845','7891000464908','Charge chocolate 40g','CHOCOLATES','JABOLAC','',1.8,0.99,0.99,42,0,1,0,'23/07/2003','26/05/2015','19/07/2016',0,'20',0,'100',0,'',0,0,0,0,'False',82,''
'00846','','chiclete caixinha adans','CHICLETES','COMERCIAL KI DOCE LTDA','',0.25,0.15,0.12,30,6,0,0,'23/07/2003','05/07/2016','26/09/2016',0,'20',0,'100',0,'',141,21.15,35.25,14.1,'False',65,''
'00855','7895800020531','Chiclete Fresh MIX 14g','CHICLETES','FILLER ALIMENTOS','',1.99,1.41,1.41,200,0,1,0,'25/07/2003','25/07/2003','10/05/2013',0,'20',0,'100',0,'',0,0,0,0,'False',41,''
'00873','7898026090050','COPO BELLO COPO 200ML c/100un','EMBALAGENS','GARCIA DISTRIBUIDORA','',3.99,2.3,3.65,208,0,0,0,'07/08/2003','30/05/2014','11/09/2015',0,'20',0,'100',0,'',0,0,0,0,'False',73.5,''
'00875','7891000405703','CHOC. MOÇA','CHOCOLATES','TAPAJÓS COM GENEROS ALIM E REP COM','',1.75,0.99,0.99,25,0,1,0,'07/08/2003','24/06/2016','27/07/2016',0,'20',0,'100',0,'',2,1.98,3.5,1.52,'False',77,''
'00881','7898234373594','COPO BRIGADEIRO PLASTILANIA LILAS 010','EMBALAGENS','MELRRO','',8.99,5.53,5.53,8,0,0,0,'14/08/2003','23/08/2013','16/09/2013',0,'20',0,'32',0,'',0,0,0,0,'True',62.5,''
'00894','7896299602246','CHOC.TOP CLASS BRANCO','CHOCOLATES','VALENCIO','',0.45,0.41,0.43,165,0,0,0,'22/08/2003','10/07/2013','13/03/2014',0,'20',0,'100',0,'',0,0,0,0,'True',10,''
'00926','7895800854082','Chiclet´s Evolution citrus/hort','CHICLETES','MARSIL','',0.8,0.3,0.39,980,0,1,0,'11/09/2003','29/12/2012','23/07/2016',0,'20',0,'100',0,'',0,0,0,0,'False',167,''
'00927','7895800854075','Chiclets Evbolution morango/hort','CHICLETES','GARCIA DISTRIBUIDORA','',0.8,0.32,0.4,45,0,1,0,'11/09/2003','29/06/2013','17/07/2013',0,'20',0,'100',0,'',0,0,0,0,'False',150,''
'00946','7897077805453','COB TOP AO LEITE HARALD 1,01LG','CHOCOLATES','FABRICA DE LATICINIOS RANCHO ALEGRE','',15.4,10.61,11.04,20,0,0,0,'08/10/2003','22/03/2014','17/04/2014',0,'20',0,'100',0,'',0,0,0,0,'True',45.1,''
'00949','7896058507942','conf.miçanga colorida dori 150g','CHOCOLATES','DORI IND PROD.LTDA','',1.52,0.95,0.95,38,0,0,0,'14/10/2003','26/09/2014','19/08/2015',0,'20',0,'100',0,'',0,0,0,0,'False',60,''
'00978','7896523117003','copo princesas junco','DIVERSOS','PIPOCA CRISTAL','',6.9,4.26,4.26,20,9,1,0,'02/12/2003','06/04/2013','10/05/2016',0,'20',0,'100',0,'',0,0,0,0,'False',62,''
'00983','7891175253321','chapeuzinho princesas c/8','DIVERSOS','PIPOCA CRISTAL','',7.49,4.15,4.15,-192,2,0,0,'15/01/2004','23/08/2013','22/04/2015',0,'20',0,'100',0,'',0,0,0,0,'False',80.5,''
'00990','7891175253338','convite princesas 2','DIVERSOS','PARATI S/A','',2.06,1.14,1.14,100,0,1,0,'27/01/2004','11/12/2007','04/05/2013',0,'20',0,'100',0,'',0,0,0,0,'False',80.5,''
'00999','7891000011003','CHOC.CLASSIC MEIO AMARGO 170G','CHOCOLATES','RICLAN S.A','',4.99,2.92,2.92,260,0,2,0,'03/02/2004','22/12/2006','28/03/2014',0,'20',0,'100',0,'',0,0,0,0,'False',71,''
'01001','7891000012390','CHOC.CRUNCH 160G','CHOCOLATES','NATURITA','',6,3.58,3.58,5,0,1,0,'03/02/2004','28/09/2012','27/03/2013',0,'20',0,'100',0,'',0,0,0,0,'False',67.5,''
'01009','7891000011027','CHOC.ALPINO 170G','CHOCOLATES','PIPOCA CRISTAL','',4.65,3,3.69,20,0,0,0,'26/02/2004','08/08/2014','26/08/2014',0,'20',0,'100',0,'',0,0,0,0,'False',55,''
'01010','7622300237691','Choc. Confeti 25g','CHOCOLATES','DOCIAN ALIMENTOS LTDA','',1.5,0.89,0.77,12,0,1,0,'26/02/2004','21/09/2012','23/01/2013',0,'20',0,'100',0,'',0,0,0,0,'True',68,''
'01013','7898027656606','CAMP PO MARACUJA 25G','DOCES','SANTA RITA','',0.9,0.48,0.4,180,0,0,0,'01/03/2004','10/01/2014','08/10/2015',0,'20',0,'100',0,'',0,0,0,0,'False',88,''
'01014','7896336005221','CASEIRÃO SANTA HELENA','DOCES','SANTA RITA','',0.85,0.42,0.42,120,0,0,0,'01/03/2004','04/07/2014','19/07/2014',0,'20',0,'100',0,'',0,0,0,0,'False',102,''
'01031','7896523120645','convite do smorffs','EMBALAGENS','RICLAN S.A','',2.8,2.23,2.23,320,3,1,0,'04/03/2004','22/12/2006','17/05/2007',0,'20',0,'100',0,'',0,0,0,0,'False',25.5,''
'01034','7896523120638','chapeuzinho smorffs','SUCOS','VANTELLI COMERCIO DE SUCOS.','',7.23,5.56,5.55,1900,1,1,-148,'04/03/2004','10/03/2009','03/10/2015',0,'20',0,'100',0,'',0,0,0,0,'False',30,''
'01040','7898139758571','caixa para bolo nº08','EMBALAGENS','MINDY','',3.04,2.03,2.03,162,0,1,0,'25/03/2004','16/06/2009','08/01/2013',0,'20',0,'100',0,'',0,0,0,0,'False',50,''
'01041','7898139758564','caixa para bolo nº07','EMBALAGENS','MINDY','',2.98,1.75,1.75,192,0,1,0,'25/03/2004','16/06/2009','21/12/2012',0,'20',0,'100',0,'',0,0,0,0,'False',70,''
'01057','7897742108292','COPINHO DESC PRETO','DIVERSOS','DOCILE ALIMENTOS LTDA','',2.9,1.75,1.75,90,0,1,0,'02/04/2004','11/12/2012','18/12/2015',0,'20',0,'100',0,'',0,0,0,0,'False',65.5,''
'01061','7897077805804','CHOCOLATE EM PÓ 33% HARALD','CHOCOLATES','TATIS','',12.99,9.45,9.45,48,0,2,0,'06/04/2004','16/02/2007','21/05/2013',0,'20',0,'100',0,'',0,0,0,0,'False',37.5,''
'01062','7897077820647','COB TOP GOTAS AO LEITE 1,05KG HARALD','CHOCOLATES','GULOSINA','',18.05,17.5,17.5,24,10,2,0,'06/04/2004','06/10/2016','30/09/2016',0,'20',0,'100',0,'


',4,49.96,62.44,12.48,'False',,''
'01067','7898370105301','COCO RALADO 1KL NORDESTE','DIVERSOS','MINDY','',23,20.39,20.39,208,1,1,0,'06/04/2004','08/01/2016','24/09/2016',0,'20',0,'100',0,'',1,20.39,24.47,4.08,'False',20,''
'01068','7891330013791','CHOC.COOKIES NEUGEBAUER','DIVERSOS','GULOSINA','',3.5,2.29,2.29,1273,0,1,-287,'06/04/2004','11/12/2013','05/02/2015',0,'20',0,'100',0,'',0,0,0,0,'False',53,''
'01069','7891330013678','CHOC.AO LEITE NEUGEBAUER','DIVERSOS','DORI IND PROD.LTDA','',3.5,2.29,2.29,252,0,0,0,'06/04/2004','07/07/2014','30/04/2015',0,'20',0,'100',0,'',0,0,0,0,'False',53,''
'01070','7891330013692','CHOC.BRANCO NEUGEBAUER','DIVERSOS','NEVADA','',3.5,2.29,2.29,-148,0,1,0,'06/04/2004','04/10/2013','31/03/2015',0,'20',0,'100',0,'',0,0,0,0,'False',53,''
'01071','7891330013715','CHOC.AMENDOIM NEUGEBAUER','DIVERSOS','COVIZZI','',2.98,2.29,2.29,610,0,0,0,'14/04/2004','11/12/2013','17/11/2014',0,'20',0,'100',0,'',0,0,0,0,'False',30,''
'01072','7891330013753','CHOC.MEIO AMARGO NEUGEBAUER','DIVERSOS','COVIZZI','',2,2.29,2.29,645,0,1,0,'14/04/2004','07/07/2014','29/05/2015',0,'20',0,'',0,'',0,0,0,0,'False',53,''
'01073','7891330013739','CHOC.FLOCOS NEUGEBAUER','CHOCOLATES','COVIZZI','',2.99,2.29,2.29,108,0,1,0,'14/04/2004','04/10/2013','30/06/2015',0,'20',0,'100',0,'

',0,0,0,0,'False',53,''
'01074','7891000461600','CHOC.NESCAU BALL','CHOCOLATES','POPY SOL','',1,0.58,0.58,258,0,1,0,'14/04/2004','28/07/2012','12/12/2012',0,'20',0,'100',0,'
',0,0,0,0,'False',73,''
'01075','7897077820616','CHOCOLATE EM PÓ 50% MELKEN','CHOCOLATES','COVIZZI','',18,17.98,17.98,72,0,0,0,'14/04/2004','13/06/2014','30/04/2015',0,'20',0,'100',0,'
',0,0,0,0,'False',0,''
'01077','7898318200143','Coco ralado Fres-coco 1Kg','EMBALAGENS','BOA VIDA','',23.15,17.09,17.09,27306,0,1,0,'22/04/2004','23/06/2012','11/10/2012',0,'20',0,'100',0,'',0,0,0,0,'False',35.45,''
'01083','7897816244017','Canudo Milk Shake','EMBALAGENS','RANEA IND E COM PROD ALIMENTICIOS','',4.5,3.24,3.5,0,0,1,0,'04/05/2004','24/04/2013','06/06/2015',0,'20',0,'100',0,'',0,0,0,0,'False',39,''
'01093','7896072646733','confeito mil cores crocante 150g','CHOCOLATES','DIS.MOSCA','',2.29,1.52,1.32,15,0,0,0,'07/05/2004','05/04/2014','26/04/2014',0,'20',0,'100',0,'',0,0,0,0,'False',50.5,''
'01094','7896072641561','Choco Power Ball 80g','CHOCOLATES','BEL PRODUTOS ALIMENTICIOS LTDA','',3.05,2.04,1.9,5,0,0,0,'11/05/2004','05/04/2014','10/06/2014',0,'20',0,'100',0,'',0,0,0,0,'False',49.5,''
'01095','7896072648416','confeiro Mil cores colorido 80g','CHOCOLATES','BEL PRODUTOS ALIMENTICIOS LTDA','',2.15,1.32,0.805,-31,0,0,0,'11/05/2004','05/04/2014','18/07/2014',0,'20',0,'',0,'',0,0,0,0,'False',63,''
'01096','7896072648515','Confeito Mil cores prata 80g','CHOCOLATES','DORI IND PROD.LTDA','',1.99,1.27,0.805,29,0,,0,'11/05/2004','05/04/2014','29/04/2014',0,'20',0,'0,0',0,'',0,0,0,0,'False',57,''
'01123','7899348501590','Convite Looney Tunnes Baby','EMBALAGENS','KI KAKAU','',3.05,1.96,1.82,420,5,0,0,'28/05/2004','26/09/2013','12/07/2013',0,'20',0,'100',0,'',0,0,0,0,'False',55.5,''
'01126','7897742102597','Colher festa catgil branca','EMBALAGENS','GERAÇAÕ LTDA','',2.95,1.79,1.79,0,7,1,0,'28/05/2004','10/01/2014','22/09/2016',0,'20',0,'100',0,'',0,0,0,0,'False',65,''
'01127','7896523111520','colher sobremesa cristal junco','EMBALAGENS','GERAÇAÕ LTDA','',3.75,2.35,2.35,0,12,1,0,'28/05/2004','31/05/2013','19/03/2016',0,'20',0,'100',0,'',0,0,0,0,'False',59.5,''
'01135','7891962042213','COOKIES INTEGRAIS KELLOGGS 40G','DOCES','VERINHA','',2.45,1.75,0.53,318,0,0,0,'08/06/2004','24/02/2014','26/06/2014',0,'20',0,'100',0,'',0,0,0,0,'True',40,''
'01137','7897816230188','COPO DESC. TRIK TRIK LARANJA','EMBALAGENS','ZUPE DIST.DE PRODUTOS ALIMENTARES','',3.15,1.79,1.79,36,0,0,0,'12/06/2004','23/08/2013','19/05/2015',0,'20',0,'100',0,'',0,0,0,0,'False',76,''
'01138','7898234375475','COPO BRIGADEIRO PLASTILANIA ROXO 010','EMBALAGENS','ZUPE DIST.DE PRODUTOS ALIMENTARES','',8.99,5.53,5.53,48,0,0,0,'12/06/2004','23/08/2013','20/01/2014',0,'20',0,'100',0,'',0,0,0,0,'False',62.5,''
'01144','7899348501576','Chapeuzinho Looney Tunes Baby','EMBALAGENS','IRLOFIL','',8.99,6.29,5.94,0,1,0,0,'18/06/2004','21/09/2013','22/10/2013',0,'20',0,'100',0,'',0,0,0,0,'False',43,''
'01148','7899348501606','Copinho Lonney Tunes c/8un','EMBALAGENS','IRLOFIL','',4.7,2.94,2.73,0,0,0,0,'18/06/2004','21/09/2013','04/03/2016',0,'20',0,'100',0,'',0,0,0,0,'False',60,''
'01160','7897358901027','CRISTAL PRESUNTO 100G','SALGADINHOS','FINI','',1.5,0.7,0.7,24,19,0,0,'24/06/2004','04/08/2016','30/09/2016',0,'20',0,'100',0,'',15,10.5,22.5,12,'False',85,''
'01161','7897358901010','CRISTAL BACON 100G','SALGADINHOS','KIKO','',1.5,0.7,0.7,12,-5,0,0,'24/06/2004','04/08/2016','24/09/2016',0,'20',0,'100',0,'',18,12.6,27,14.4,'False',85,''
'01163','7897358901003','CRISTAL CEBOLA 100G','SALGADINHOS','FINI','',1.5,0.9,0.7,264,3,0,0,'24/06/2004','04/08/2016','12/09/2016',0,'20',0,'100',0,'

',19,17.1,28.5,11.4,'False',78,''
'01168','7892840227548','Cheetos Bola Queijo 59g','SALGADINHOS','Pepsico do Brasil Ltda','',2.49,1.67,1.67,80,18,1,0,'16/07/2004','28/03/2016','07/09/2016',0,'20',0,'100',0,'',0,0,0,0,'False',49,''
'01179','7896072641615','Choco Power Ball confeito','CHOCOLATES','VERINHA','',13.65,9.48,7.79,68,0,0,0,'21/07/2004','10/01/2014','18/11/2014',0,'20',0,'100',0,'',0,0,0,0,'False',44,''
'01188','7899348516235','CHAPEUZINHO DO CORINTHIANS FESTCOLOR','EMBALAGENS','GARCIA DISTRIBUIDORA','',9.45,6.3,5.95,29,10,0,0,'16/08/2004','21/09/2013','25/05/2016',0,'20',0,'100',0,'',0,0,0,0,'False',50,''
'01201','7897011503223','corante mix verde hortelã','DOCES','KIBON UNILEVER BRASIL GELADOS LTDA','',2.66,1.76,1.76,-22,0,1,0,'23/08/2004','06/10/2016','12/09/2015',0,'20',0,'100',0,'',0,0,0,0,'False',51,''
'01234','7898918330417','COPO DESCRT.KEROCOPO 300ML C/100UN','EMBALAGENS','BRASIL ALIMENTOS','',4.65,2.65,2.583,8,0,1,0,'02/09/2004','31/05/2013','17/04/2014',0,'20',0,'100',0,'',0,0,0,0,'False',75.5,''
'01235','7896343087852','COLHERZINHA BRIG. C/200UN','EMBALAGENS','DIS.MOSCA','',5.15,3.36,3.36,60,0,1,0,'08/09/2004','13/07/2012','06/12/2013',0,'20',0,'100',0,'',0,0,0,0,'False',53.2,''
'01236','7896343087913','COLHERZINHA BRIG TRANSP.C/200UN','EMBALAGENS','DIS.MOSCA','',5.15,3.35,3.35,-90,0,1,0,'08/09/2004','13/07/2012','19/02/2013',0,'20',0,'100',0,'',0,0,0,0,'False',53.8,''
'01240','7896072648607','CONFEITO CROCANTE BOLINHA 80G MIL CORES','DOCES','GULOSINA','',1.99,1.27,0.82,30,0,0,0,'21/09/2004','05/04/2014','02/01/2015',0,'20',0,'100',0,'',0,0,0,0,'False',57,''
'01242','7896072648621','CONFEITOS FIGURAS 50G MIL CORES','DIVERSOS','GARCIA DISTRIBUIDORA','',1.99,1.19,0.79,32,0,1,0,'24/09/2004','29/03/5014','08/05/2014',0,'20',0,'100',0,'',0,0,0,0,'True',67,''
'01246','7896072648652','CONFEITO FIGURAS 50G MIL CORES','DIVERSOS','MELRRO','',1.9,1.15,0.79,66,0,1,0,'01/10/2004','07/06/2013','21/09/2013',0,'20',0,'100',0,'',0,0,0,0,'True',65,''
'01247','7891175240123','CHAPEUZINHO MINIE C/8UN','EMBALAGENS','COMERCIAL RIBEIRÃO','',7.35,4.9,4.9,17,0,0,0,'02/10/2004','23/08/2013','29/11/2014',0,'20',0,'100',0,'',0,0,0,0,'False',50,''
'01250','7896343089528','COLHER PARA SORVETE 200 UNIDADES PRAFESTA','EMBALAGENS','COMERCIAL RIBEIRÃO','',7.49,4.83,4.83,30,0,0,0,'02/10/2004','10/01/2014','05/06/2014',0,'20',0,'100',0,'',0,0,0,0,'False',55,''
'01252','7896072648645','Conf. Mil cores figurinhas 50g','EMBALAGENS','PECCIN S.A','',1.85,1.15,0.77,216,0,1,0,'05/10/2004','07/06/2013','12/08/2013',0,'20',0,'100',0,'',0,0,0,0,'False',61,''
'01274','80050315','CHOC.KINDER 12,5G','CHOCOLATES','PRODASA','',1,0.74,0.74,-500,0,1,0,'26/10/2004','08/08/2014','04/11/2014',0,'20',0,'100',0,'',0,0,0,0,'True',35,''
'01278','7898027656668','CAMP PÓ UVA 25G','SUCOS','FABRICA DE DOCES PIRAPORA LTDA','',0.75,0.4,0.47,30,0,0,0,'11/11/2004','10/01/2014','19/12/2014',0,'20',0,'100',0,'',0,0,0,0,'False',88,''
'01280','7898027656781','CAMP PÓ MORANGO 25G','SUCOS','FABRICA DE DOCES PIRAPORA LTDA','',0.75,0.4,0.47,30,0,0,0,'11/11/2004','10/01/2014','13/01/2015',0,'20',0,'100',0,'',0,0,0,0,'False',88,''
'01282','7896497200381','CACAU EM PÓ 55% DONA JURA 1,005KG','DIVERSOS','FABRICA DE DOCES PIRAPORA LTDA','',19.4,12.5,12.5,30,0,1,0,'11/11/2004','17/09/2015','09/07/2016',0,'20',0,'100',0,'',5,62.5,97,34.5,'False',55.2,''
'01309','7896226300047','CORANTE MARRON ARTCOLOR 10ML','DIVERSOS','KALI COMERCIAL LTDA ME','',1.55,0.84,0.84,200,0,1,0,'29/11/2004','08/07/2013','20/12/2013',0,'20',0,'100',0,'',0,0,0,0,'True',85,''
'01315','7898918330356','COPO KEROCOPO 50ML','DIVERSOS','NUTRI BONN','',1.29,0.76,0.76,270,0,0,0,'29/11/2004','30/08/2013','21/10/2014',0,'20',0,'100',0,'',0,0,0,0,'True',70,''
'01316','7898234370524','COPO PLASTILANIA 010 BRIGADEIRO 50UN','DIVERSOS','JABOLAC','',8.99,5.4,5.4,456,2,1,0,'03/12/2004','23/08/2013','16/09/2016',0,'20',0,'100',0,'',1,5.4,8.99,3.59,'False',66.5,''
'01317','7898234376267','COPO BRIGADEIRO 10UN','DIVERSOS','GULOSINA','',2.65,1.54,1.45,156,0,0.01,0,'08/12/2004','23/08/2013','10/10/2014',0,'20',0,'100',0,'',0,0,0,0,'True',72,''
'01324','7622300786748','CHOC BUBBLY LACTA 23G','CHOCOLATES','TOFFANO PROD.ALIM.LTDA','',1.49,0.85,0.91,128,0,0,0,'15/12/2004','25/10/2013','09/12/2013',0,'20',0,'100',0,'',0,0,0,0,'True',75,''
'01325','7897742108261','COPINHO DESC VERMELHO','DIVERSOS','TOFFANO PROD.ALIM.LTDA','',2.9,1.75,1.75,96,4,1,0,'15/12/2004','31/05/2014','21/01/2016',0,'20',0,'100',0,'',0,0,0,0,'False',65.5,''
'01335','','CASTELO TEMAS','EMBALAGENS','DOCILE ALIMENTOS LTDA','',36,22.8,22.8,24,0,0,0,'17/01/2005','26/09/2013','27/05/2016',0,'20',0,'100',0,'',0,0,0,0,'False',57.9,''
'01338','','CARRUAGEM PRINCESAS','EMBALAGENS','PIPOCA CRISTAL','',40.79,22.8,19,3432,0,0,-2011,'20/01/2005','26/09/2013','11/01/2014',0,'20',0,'100',0,'',0,0,0,0,'False',78.9,''
'01339','','CIRCO PATATI PATATA','EMBALAGENS','C ALVES ALIMENTOS LTDA','',24.9,15,13,4650,0,0,0,'25/01/2005','06/12/2013','19/12/2014',0,'20',0,'100',0,'',0,0,0,0,'False',66,''
'01342','','CASINHA GALINHA PINTADINHA/BARBIE','EMBALAGENS','MARSIL','',18,12,10,-525,0,0,0,'27/01/2005','06/12/2013','14/01/2016',0,'20',0,'100',0,'',0,0,0,0,'False',50,''
'01343','','CASINHA DAS PRINCESAS','EMBALAGENS','RICLAN S.A','',20.7,12,10,-625,0,1,0,'27/01/2005','25/05/2013','24/07/2013',0,'20',0,'100',0,'',0,0,0,0,'False',72.5,''
'01373','7896523116976','chapeu princesas junco','EMBALAGENS','SANTA FÉ','',6.49,4.16,4.16,-924,4,1,0,'05/03/2005','25/01/2013','02/09/2016',0,'20',0,'100',0,'',0,0,0,0,'False',56,''
'01376','7896523148151','chapeu bem vindo a selva junco','EMBALAGENS','SANTA HELENA IND.DE ALIMENTOS S/A','',6.49,4.16,4.16,20,10,1,0,'04/05/2005','14/08/2012','18/05/2013',0,'20',0,'100',0,'',0,0,0,0,'False',56,''
'01394','7896306616099','CHOC AFFETTO DARK CHOC 32G','CHOCOLATES','NUTRICANNDY ALIMENTOS (DIPNLIK)','',1.2,0.66,0.58,-528,0,0,0,'06/05/2005','08/08/2014','03/07/2015',0,'20',0,'100',0,'',0,0,0,0,'True',52,''
'01402','78908901','COCA COLA MINI 2','CHOCOLATES','DISTR. DOCES TOP TEM','',1.5,0.99,0.95,-243,0,0,0,'06/05/2005','30/08/2016','02/09/2016',0,'20',0,'100',0,'
',0,0,0,0,'False',52,''
'01403','7891175256193','CHAPEUZINHO HOMEM ARANHA PCT C/8UN','EMBALAGENS','DIST.PROD.ALIM.BJ','',7.85,4.89,4.06,-217,0,0,0,'06/05/2005','21/09/2013','02/08/2016',0,'20',0,'100',0,'',0,0,0,0,'False',60.5,''
'01408','7622300786601','choc.bubbly 110g','CHOCOLATES','AMADEU','',3.99,4.05,4.05,492,0,1,0,'08/05/2005','31/05/2013','19/07/2014',0,'20',0,'100',0,'',0,0,0,0,'False',0,''
'01452','7891000102008','choc galak','CHOCOLATES','WAT ALIMENTOS','',1.5,0.95,0.95,6,0,1,0,'21/06/2005','09/02/2013','04/08/2015',0,'20',0,'100',0,'',0,0,0,0,'True',58,''
'01459','7891962035956','COOKIES Bauducco ORIGINAL 32g','DOCES','KAXUXA IND.E COM.LTDA','',0.3,0.55,0.51,25,0,0,0,'02/08/2005','31/05/2014','13/08/2014',0,'20',0,'100',0,'',0,0,0,0,'False',-45,''
'01478','7896306616075','CHOC AFFETTO NOZES','CHOCOLATES','SANTA HELENA IND.DE ALIMENTOS S/A','',1,0.66,0.48,0,0,0,0,'06/12/2005','08/08/2014','08/09/2014',0,'20',0,'100',0,'',0,0,0,0,'True',52,''
'01487','7891962035932','COOKIE BAUDUCCO CHOC 32G','BISCOITOS','FLORESTAL','',0.3,0.55,0.52,-624,0,0,0,'21/02/2006','08/08/2014','23/09/2014',0,'',0,'',0,'',0,0,0,0,'True',-45,''
'01492','7898142858466','Choc twister branco 17g','CHOCOLATES','DORI IND PROD.LTDA','',0.55,0.36,0.26,2236,0,0,0,'22/02/2006','07/03/2014','28/04/2014',0,'',0,'',0,'',0,0,0,0,'True',53,''
'01505','7896072642681','chocogiros mavalerio 500g','DIVERSOS','RICLAN S.A','',13.6,8.5,8.5,-32,0,0,0,'15/03/2006','13/06/2014','06/08/2014',0,'20',0,'100',0,'',0,0,0,0,'False',60,''
'01513','7891000092606','CHOC LOLLO 28G','CHOCOLATES','PERFETTI VAN MELLE BRASIL LTDA','',1.35,0.89,0.89,0,0,1,0,'28/03/2006','14/06/2013','19/12/2014',0,'20',0,'100',0,'',0,0,0,0,'True',52,''
'01531','7896030892639','COPOBRAS 180ML C/100','EMBALAGENS','MINDY','',4.29,2.52,2.52,10,0,0,0,'05/05/2006','04/12/2013','21/02/2014',0,'20',0,'100',0,'',0,0,0,0,'False',70.4,''
'01532','7897147500271','COPOMAIS 300ML C/100','EMBALAGENS','CASA DOCE IND.E COM.DE ALIMENTOS LT','',4.2,2.43,2.43,60,0,1,0,'05/05/2006','31/05/2013','07/05/2013',0,'20',0,'100',0,'',0,0,0,0,'False',73,''
'01536','','CASINHA MORANGUINHO','EMBALAGENS','FLORESTAL','',24.99,13,0,-189,0,0,0,'23/05/2006','06/12/2013','02/06/2015',0,'20',0,'100',0,'',0,0,0,0,'False',92.2,''
'01552','7891150021785','CORNETO CHOCO AMENDOAS DEVIS&ANGELS','DOCES','DOCES MANIA','',3.99,3.17,3.17,48,0,1,0,'27/06/2006','05/10/2012','25/02/2013',0,'18',0,'100',0,'',0,0,0,0,'True',26,''
'01569','7899348500166','CHAPEUZINHO MORANGUINHO C/8UN FESTCOLOR','EMBALAGENS','KIKO','',8.95,5.95,5.95,66,0,0,0,'12/07/2006','23/08/2013','22/06/2016',0,'20',0,'100',0,'',1,5.95,8.95,3,'False',50.5,''
'01582','7897189405848','CROCANTE POP','DOCES','KALI COMERCIAL LTDA ME','',1.75,0.98,0.98,-35,0,2,0,'19/07/2006','22/08/2006','25/08/2015',0,'20',0,'100',0,'',0,0,0,0,'False',79,''
'01593','7896096000153','CHANTY MIX CHOCOLATE','EMBALAGENS','RANEA IND E COM PROD ALIMENTICIOS','',4.99,6.64,6.64,600,0,1,0,'14/08/2006','18/10/2012','14/03/2013',0,'20',0,'100',0,'',0,0,0,0,'False',31,''
'01600','7897742106960','COLHER DESC VERMELHA','DIVERSOS','CATELAN','',2.95,1.79,1.79,12,7,1,0,'17/08/2006','15/03/2013','07/05/2016',0,'20',0,'100',0,'',0,0,0,0,'False',65,''
'01602','7622300053338','CLUB SOCIAL PIZZA 150G','BISCOITOS','GARCIA DISTRIBUIDORA','',1.95,1.29,0.99,80,0,1,0,'17/08/2006','24/04/2013','13/05/2013',0,'20',0,'100',0,'',0,0,0,0,'True',51,''
'01603','7891175238571','CHAPEUZINHO HOT WHEELS C/8UN','EMBALAGENS','VITA A PROD.NATURAIS LTDA ME','',7.85,4.9,4.06,60,3,0,0,'18/08/2006','21/09/2013','25/09/2015',0,'20',0,'100',0,'',0,0,0,0,'False',60.2,''
'01619','7896030893360','COPO COPOBRAS 150ML','EMBALAGENS','RICLAN S.A','',2.8,1.65,1.65,20,0,1,0,'19/09/2006','26/10/2012','12/01/2013',0,'20',0,'100',0,'',0,0,0,0,'False',70,''
'01635','7897147500356','COPO CAFÉ DANUBIO 100UN 50ML','EMBALAGENS','MELRRO','',1.1,0.63,0.63,-6,0,1,0,'18/10/2006','26/10/2012','08/01/2013',0,'20',0,'100',0,'',0,0,0,0,'False',75,''
'01636','7898234373587','COPINHO BRIGADEIRO PIC10 C/50UN LARANJA','EMBALAGENS','JOANIPA IND E COM.DE ALIMENTOS LTDA','',8.3,5.53,5.1,210,0,1,0,'18/10/2006','10/07/2013','23/10/2015',0,'20',0,'100',0,'',0,0,0,0,'False',50,''
'01637','7898234373600','COPINHO BRIGADEIRO PIC10 VERDE C/50UN','','PITA BREAD','',8.3,5.53,5.1,0,0,1,217,'27/10/2006','10/07/2013','08/08/2014',0,'20',0,'100',0,'',0,0,0,0,'False',50,''
'01638','7898945393522','COPINHO BRIGADEIRO VERDE LIMAO CLEAN WAVE','EMBALAGENS','VERINHA','',8.4,5.6,5.6,990,0,0,-234,'30/10/2006','07/02/2014','29/09/2014',0,'20',0,'100',0,'',0,0,0,0,'False',50,''
'01639','7891175229623','COPINHO MORANGUINHO BABY C/80UN','EMBALAGENS','JC GARCIA DOCES','',3.99,2.66,2.66,-180,0,1,0,'06/11/2006','26/10/2012','15/04/2014',0,'20',0,'100',0,'',0,0,0,0,'False',50,''
'01641','7891175239127','COPINHO GATA MARIE C/80UN','EMBALAGENS','JABOLAC','',4.69,2.94,2.66,446,1,1,0,'07/11/2006','20/03/2013','20/02/2016',0,'20',0,'100',0,'',0,0,0,0,'False',59.5,''
'01648','7622300736606','CHICLETS MISTERIO 14G','CHICLETES','GARCIA DISTRIBUIDORA','',0.8,0.4,0.65,20,0,1,18,'08/11/2006','05/04/2013','22/06/2013',0,'20',0,'100',0,'',0,0,0,0,'False',100,''
'01649','7622300793692','CHICLETS HORTELÃ 14G','CHICLETES','SAARA','',1.3,0.65,0.66,64,0,1,0,'08/11/2006','01/11/2012','09/05/2013',0,'20',0,'100',0,'',0,0,0,0,'False',100,''
'01649','7622300795597','CHICLETS TUTTI 14G','CHICLETES','','',1.3,0.65,0.65,0,0,1,0,'12/11/2006','01/11/2012','09/04/2013',0,'20',0,'100',0,'',0,0,0,0,'False',100,''
'01671','CC','CONVITE REIFAST TEMAS','DIVERSOS','SAM´S','',1.8,0.8,0.8,12,16,0,0,'27/03/2007','25/07/2014','17/08/2016',0,'20',0,'100',0,'',0,0,0,0,'False',125,''
'01673','7891175232722','CHAPEUZINHO BEN 10 C/8UN','EMBALAGENS','SAM´S','',7.59,4.89,4.89,12,0,0,0,'27/03/2007','23/08/2013','02/09/2016',0,'20',0,'',0,'',0,0,0,0,'False',55.3,''
'01674','7899348500173','CONVITE MORANGUINHO JOVEM FESTCOLOR C/8UN','EMBALAGENS','NUCITA','',2.95,1.82,1.81,-84,3,1,0,'27/03/2007','31/05/2013','09/01/2015',0,'20',0,'100',0,'',0,0,0,0,'False',62,''
'01678','7891962038070','CHOCCO DUO FELIZ NATAL 38G','DOCES','LOJA 1','',0.5,0.6,0.6,0,0,1,0,'09/04/2007','31/05/2013','08/10/2015',0,'20',0,'100',0,'',0,0,0,0,'False',66,''
'01689','7896072648522','CONFEITO ALUMINIZADO Nº2 MIL CORES','EMBALAGENS','BERBAU','',2.1,1.27,1.07,-4476,0,0,-300,'15/05/2007','09/11/2013','28/12/2013',0,'20',0,'100',0,'',0,0,0,0,'False',65,''
'01690','7896072641554','CHOCO POWER BALL 500G','DOCES','JAZAM','',14.45,9.48,8.95,120,0,0,0,'16/05/2007','10/01/2014','07/03/2014',0,'20',0,'100',0,'',0,0,0,0,'False',52.4,''
'01695','7896072641516','CONF ALUMINIZADO Nº1 500G','EMBALAGENS','RICLAN S.A','',8.65,5.4,4.89,80,0,0,0,'21/05/2007','05/04/2014','16/06/2014',0,'20',0,'100',0,'',0,0,0,0,'False',60.1,''
'01696','7896072642520','CONF ALUMINIZADO Nº2','EMBALAGENS','GARCIA DISTRIBUIDORA','',6.25,3.89,3.89,409,0,1,0,'21/05/2007','09/11/2012','23/03/2013',0,'20',0,'100',0,'
',0,0,0,0,'False',60.7,''
'01724','7899348509275','COPO GALINHA PINTADINHA C/8UN','DOCES','NUTRI BONN','',4.75,2.94,2.73,54,3,0,0,'26/09/2007','21/09/2013','28/03/2015',0,'20',0,'100',0,'',0,0,0,0,'False',61.5,''
'01725','7899348509268','CONVITINHO GALINHA PINTADINHA C/8UN','EMBALAGENS','MELRRO','',3.25,1.96,1.82,30,0,0,0,'04/10/2007','22/11/2013','29/05/2014',0,'20',0,'100',0,'

',0,0,0,0,'False',66,''
'01726','7897742108247','copinho desc verde','DIVERSOS','ERENA','',2.9,1.75,1.75,16,0,1,0,'04/10/2007','02/05/2014','24/03/2016',0,'20',0,'100',0,'

',0,0,0,0,'False',65.5,''
'01739','7896226303109','CORANTE PINK ARCOLOR 10ML','EMBALAGENS','DISTR. DOCES TOP TEM','',1.55,0.84,0.84,1275,0,0,0,'17/10/2007','19/10/2013','14/12/2013',0,'20',0,'100',0,'',0,0,0,0,'True',85,''
'01740','7896226303048','CORANTE VERDE LIMÃO ARCOLOR 10ML','EMBALAGENS','DIST.PROD.ALIM.BJ','',1.55,0.84,0.84,188,0,0,0,'17/10/2007','19/10/2013','08/11/2014',0,'20',0,'100',0,'',0,0,0,0,'True',85,''
'01741','7896226303031','CORANTE AZUL TURQUESA ARCOLOR 10ML','EMBALAGENS','COM DOCES LINS','',1.55,0.84,0.84,200,0,0,0,'17/10/2007','19/10/2013','03/02/2014',0,'20',0,'100',0,'',0,0,0,0,'True',85,''
'01742','7896226300023','CORANTE ARCOLOR VERMELHO','DOCES','FRITA BEM IND.COM.PROD.ALIM.LTDA','',1.55,0.84,0.84,961,0,0,0,'19/10/2007','04/04/2014','13/06/2014',0,'20',0,'100',0,'',0,0,0,0,'False',85,''
'01743','7896226300177','CORANTE ARCOLOR LARANJA 10ML','EMBALAGENS','SAARA','',1.55,0.84,0.84,472,0,0,0,'19/10/2007','19/10/2013','24/04/2015',0,'20',0,'100',0,'',0,0,0,0,'False',85,''
'01744','7896226300078','CORANTE ARCOLOR ROSA 10ML','EMBALAGENS','NEVADA','',1.55,0.84,0.84,240,0,0,0,'23/10/2007','04/04/2014','21/06/2014',0,'20',0,'100',0,'',0,0,0,0,'False',85,''
'01745','7896226300016','CORANTE ARTCOLOR AMARELO 10ML','EMBALAGENS','NEVADA','',1.5,0.95,0.95,222,4,1,0,'23/10/2007','04/04/2014','24/09/2016',0,'20',0,'100',0,'',0,0,0,0,'False',58,''
'01746','7896226300054','CORANTE ARCOLOR VERDE 10ML','EMBALAGENS','TERRA BOA','',1.5,0.95,0.95,12,6,1,0,'23/10/2007','04/04/2014','16/09/2016',0,'20',0,'100',0,'',1,0.95,1.5,0.55,'False',58,''
'01747','7896226300085','CORANTE ARCOLOR PRETO 10ML','EMBALAGENS','TERRA BOA','',1.55,0.84,0.84,24,0,0,0,'23/10/2007','19/10/2013','08/11/2014',0,'20',0,'100',0,'',0,0,0,0,'False',85,''
'01748','7896226300061','CORANTE ARCOLOR AZUL 10ML','EMBALAGENS','COM.GRANOS','',1.5,0.95,0.95,1118,1,1,0,'24/10/2007','04/04/2014','13/08/2016',0,'20',0,'100',0,'',4,3.8,6,2.2,'False',58,''
'01749','7897011506507','CORANTE GEL ARCOLOR VERDE LIMÃO 25G','EMBALAGENS','RUBIO','',3.59,1.96,1.96,50,0,1,0,'25/10/2007','16/11/2012','22/04/2008',0,'20',0,'100',0,'',0,0,0,0,'True',83,''
'01750','7897011506446','CORANTE GEL ARCOLOR AZUL JEANS 25G','EMBALAGENS','GULOSINA','',3.59,1.96,1.96,16,0,1,0,'05/11/2007','16/11/2012','19/09/2013',0,'20',0,'100',0,'

',0,0,0,0,'True',83,''
'01751','7897011506453','CORANTE GEL ARCOLOR VIOLETA 25G','EMBALAGENS','DOCE SABOR IND E COM ALIM LTDA EPP','',3.59,1.96,1.96,-222,0,1,0,'08/11/2007','16/11/2012','29/03/2014',0,'20',0,'100',0,'',0,0,0,0,'True',83,''
'01752','7897011505104','CORANTE GEL ARCOLOR AMARELO GEMA 25G','EMBALAGENS','DIST.PROD.ALIM.ATUAL LTDA','',3.59,1.96,1.96,12,1,1,0,'08/11/2007','16/11/2012','08/04/2014',0,'20',0,'100',0,'',0,0,0,0,'False',83,''
'01753','7897011505098','CORANT GEL ARCOLOR AMARELO DAMASCO 25G','EMBALAGENS','DIST.PROD.ALIM.ATUAL LTDA','',3.59,1.96,1.96,12,0,1,0,'08/11/2007','16/11/2012','12/04/2014',0,'20',0,'100',0,'',0,0,0,0,'False',83,''
'01754','7897011506460','CORANTE GEL ARCOLOR PINK 25G','EMBALAGENS','DIST.PROD.ALIM.ATUAL LTDA','',3.59,1.96,1.96,12,0,1,0,'08/11/2007','16/11/2012','18/07/2014',0,'20',0,'100',0,'',0,0,0,0,'True',83,''
'01755','7897011505142','CORANTE GEL ARCOLOR LILÁS 25G','EMBALAGENS','K.C.S.ROSA IND.E COM.DE DOCES','',3.59,1.96,1.96,280,0,1,0,'09/11/2007','16/11/2012','01/02/2014',0,'',0,'100',0,'',0,0,0,0,'True',83,''
'01756','7897011506514','CORANTE GEL ARCOLOR PELE CLARA 25G','EMBALAGENS','UNIDOCE','',3.59,1.96,1.96,20,0,1,0,'09/11/2007','16/11/2012','23/02/2013',0,'20',0,'100',0,'

',0,0,0,0,'True',83,''
'01757','7897011505081','CORANTE GEL MARRON CHOCOLATE 25G','EMBALAGENS','K.C.S.ROSA IND.E COM.DE DOCES','',3.59,1.96,1.96,180,0,1,0,'09/11/2007','16/11/2012','17/07/2014',0,'20',0,'100',0,'',0,0,0,0,'True',83,''
'01758','7897011505074','CORANTE GEL ARCOLOR PRETO 25G','EMBALAGENS','DOCES MANIA','',3.59,1.96,1.96,40,0,1,0,'09/11/2007','16/11/2012','01/02/2014',0,'20',0,'100',0,'',0,0,0,0,'True',83,''
'01759','7897011505166','CORANTE ARCOLOR VERDE FOLHA 25G','EMBALAGENS','UNIDOCE','',3.59,1.96,1.96,20,0,1,0,'09/11/2007','16/11/2012','25/05/2013',0,'20',0,'100',0,'',0,0,0,0,'False',83,''
'01760','7897011506521','CORANTE ARCOLOR VERMELHO NATAL 25G','EMBALAGENS','UNIDOCE','',3.59,1.96,1.96,20,0,1,0,'09/11/2007','16/11/2012','19/07/2013',0,'20',0,'100',0,'',0,0,0,0,'True',83,''
'01761','7897011505111','CORANTE GEL ARCOLOR AZUL ANIS 25G','EMBALAGENS','UNIDOCE','',3.59,1.96,1.96,20,0,1,0,'09/11/2007','16/11/2012','08/04/2014',0,'20',0,'100',0,'',0,0,0,0,'True',83,''
'01777','7897742108223','COPINHO DESC AZUL','DIVERSOS','JFTATTY','',2.9,1.75,1.75,54,0,1,0,'03/03/2008','24/04/2013','21/09/2015',0,'20',0,'100',0,'',0,0,0,0,'False',65.5,''
'01789','7891175231084','CONVITE BACKYARDIGANS C/8UN','EMBALAGENS','HIPER BALAS','',4.19,2.79,1.58,60,3,0,0,'06/05/2008','26/09/2013','12/04/2014',0,'20',0,'100',0,'',0,0,0,0,'False',50,''
'01791','7899348514989','CONVITINHO CARROSSEL C/8UN','EMBALAGENS','BEL PRODUTOS ALIMENTICIOS LTDA','',2.9,1.81,1.81,12,0,1,0,'15/05/2008','23/11/2012','15/03/2013',0,'20',0,'100',0,'',0,0,0,0,'False',60,''
'01794','7899348514972','CHAPEUZINHO CARROSSEL C/8UN','EMBALAGENS','DORI IND PROD.LTDA','',9,5.94,5.94,30,4,1,0,'15/05/2008','23/11/2012','02/02/2009',0,'20',0,'100',0,'',0,0,0,0,'False',51.5,''
'01796','7896306615320','CHOC AFFETTO chocolate 28G','CHOCOLATES','BERBAU','',1.5,0.56,0.56,40,11,0,0,'21/05/2008','20/09/2016','30/09/2016',0,'20',0,'100',0,'
',0,0,0,0,'False',79,''
'01806','7896068409892','COBERTURA SORV MARVI CARAMELO 300G','EMBALAGENS','BEL PRODUTOS ALIMENTICIOS LTDA','',5.29,3.65,3.32,12,0,1,0,'29/05/2008','07/06/2013','09/12/2013',0,'20',0,'100',0,'',0,0,0,0,'False',45,''
'01807','7896068409922','COBERTURA SORV MARVI CHOCOLATE 300G','EMBALAGENS','JFTATTY','',5.29,3.65,3.32,174,0,1,0,'11/06/2008','07/06/2013','27/11/2013',0,'',0,'',0,'
',0,0,0,0,'False',45,''
'01808','7896068409939','COBERTURA SORV MATVI MORANGO 300G','EMBALAGENS','MOTA','',4.98,3.32,3.32,24,0,1,0,'11/06/2008','29/11/2012','21/12/2012',0,'20',0,'100',0,'

',0,0,0,0,'False',50,''
'01812','7896016600104','COCO RALADO DUCOCO 100G','DIVERSOS','GARCIA DISTRIBUIDORA','',2.95,1.83,1.83,0,0,0,0,'16/06/2008','10/01/2014','09/05/2014',0,'20',0,'100',0,'
',0,0,0,0,'False',61,''
'01817','1817','CONVITE PIRNCESAS REIFAST','EMBALAGENS','AGM COMERCIO DE PROD. ALIM.','',1.6,0.8,0.8,81,-7,0,0,'07/07/2008','25/10/2013','07/09/2016',0,'20',0,'100',0,'',0,0,0,0,'False',100,''
'01821','7891175256209','CONVITE HOMEN ARANHA REGINA C/8UN','DIVERSOS','TOFFANO PROD.ALIM.LTDA','',3.6,2.1,1.58,75,0,0,0,'29/07/2008','26/09/2013','25/01/2016',0,'20',0,'100',0,'',0,0,0,0,'False',71.5,''
'01822','7897742106182','COPINHO BRIGADEIRO CATGIL C/20UN','DIVERSOS','RICLAN S.A','',2.45,1.4,1.4,-3200,0,2,-438,'12/08/2008','15/12/2012','02/07/2013',0,'20',0,'100',0,'

',0,0,0,0,'False',75,''
'01838','7897742108209','COPINHO DESC CRISTAL','DIVERSOS','RICLAN S.A','',2.9,1.75,1.75,-200,1,1,0,'03/09/2008','20/12/2012','02/10/2015',0,'20',0,'100',0,'',0,0,0,0,'False',65.5,''
'01848','7898234370012','COPO PIC 040 BRIGADEIRO C/10UN','EMBALAGENS','NUTRI BONN','',3.15,1.54,1.54,6,0,0,0,'23/09/2008','28/03/2013','01/10/2015',0,'20',0,'100',0,'',0,0,0,0,'False',104.5,''
'01849','7897742102610','COLHER DESC ROSA','DIVERSOS','NUTRI BONN','',2.95,1.79,1.79,6,0,1,0,'23/09/2008','24/05/2013','08/09/2016',0,'20',0,'100',0,'',1,1.79,2.95,1.16,'False',65,''
'01857','7896383000408','CONF. COLORETI JAZAN 1KG','CHOCOLATES','RICLAN S.A','',17.99,12.68,11.08,20,0,0,0,'04/11/2008','17/05/2014','15/12/2014',0,'20',0,'100',0,'',0,0,0,0,'False',41.9,''
'01862','7896383000415','CONF. JAZAN COLORETI MINI 500G','CHOCOLATES','NUCITA','',9.99,6.55,5.97,-24,0,0,0,'21/11/2008','17/05/2014','10/06/2014',0,'20',0,'100',0,'',0,0,0,0,'False',52.5,''
'01864','7891175262859','CHAPEUZINHO BATMAN C/8UN','EMBALAGENS','LOJA 1','',7.85,4.89,4.89,0,1,0,0,'26/11/2008','21/09/2013','31/08/2016',0,'20',0,'100',0,'',0,0,0,0,'False',60.5,''
'01866','7897147500257','COPO DESC. COPOMAIS','EMBALAGENS','BISC.BRANKINHO.','',2.8,1.75,1.75,5100,-1,1,0,'28/11/2008','25/01/2013','27/09/2016',0,'20',0,'100',0,'
',0,0,0,0,'False',60,''
'01867','7898234373280','COLHER PICOLLO CAFÉ C/100UN AMARELA','EMBALAGENS','GARCIA DISTRIBUIDORA','',2.69,1.58,1.58,100,0,1,0,'29/11/2008','25/01/2013','30/04/2013',0,'20',0,'100',0,'',0,0,0,0,'False',70,''
'01868','7898234373303','COLHER PICCOLO CAFE C/100UN LARANJA','EMBALAGENS','GARCIA DISTRIBUIDORA','',3.69,2.1,2.1,100,0,0,0,'29/11/2008','07/02/2014','22/05/2014',0,'20',0,'100',0,'',0,0,0,0,'False',75.5,''
'01869','7898234370654','COLHER PICCOLO CAFE TRANSP. C/100UN','EMBALAGENS','GARCIA DISTRIBUIDORA','',2.69,1.58,1.58,80,0,1,0,'29/11/2008','25/01/2013','07/10/2015',0,'20',0,'100',0,'',0,0,0,0,'False',70,''
'01870','7898234373297','COLHER PICCOLO AZUL C/100UN','EMBALAGENS','GARCIA DISTRIBUIDORA','',2.69,1.58,1.58,240,0,1,0,'29/11/2008','25/01/2013','13/09/2013',0,'20',0,'100',0,'',0,0,0,0,'False',70,''
'01871','7898234373327','COLHER PICCOLO CAFE VERDE ESC. C/100UN','EMBALAGENS','GARCIA DISTRIBUIDORA','',2.69,1.58,1.58,340,0,1,0,'29/11/2008','25/01/2013','31/01/2014',0,'20',0,'100',0,'',0,0,0,0,'False',70,''
'01872','7898234375895','COLHER PICCOLO CAFE PRETA C/100UN','EMBALAGENS','GARCIA DISTRIBUIDORA','',2.69,1.58,1.58,380,0,1,0,'29/11/2008','25/01/2013','09/08/2013',0,'20',0,'100',0,'',0,0,0,0,'False',70,''
'01873','7891175231077','CHAPEUZINHO REGINA BACKYARDIGANS C/8UN','EMBALAGENS','GARCIA DISTRIBUIDORA','',7.85,4.9,4.06,440,1,0,0,'29/11/2008','21/09/2013','04/03/2016',0,'20',0,'100',0,'',0,0,0,0,'False',60.2,''
'01874','7891175239103','CHAPEUZINHO GATA MARIE C/8UN REGINA','EMBALAGENS','SAARA','',7.85,4.9,4.06,174,2,0,0,'03/12/2008','21/09/2013','19/08/2016',0,'20',0,'100',0,'',0,0,0,0,'False',60.2,''
'01875','7891175229777','CHAPEUZINHO SMILINGUIDO REGINA C/8UN','EMBALAGENS','LOJA 1','',6.5,4.06,4.06,0,1,1,0,'03/12/2008','25/01/2013','18/12/2015',0,'20',0,'100',0,'',0,0,0,0,'False',60,''
'01876','7891175224383','CHAPEUZINHO REGINA POOH C/8UN','EMBALAGENS','FLORESTAL','',6.5,4.06,4.06,-21,4,1,0,'05/12/2008','25/01/2013','07/06/2013',0,'20',0,'100',0,'',0,0,0,0,'False',60,''
'01882','7891175229784','CONVITE REGINA SMILINGUIDO REGINA C/8UN','EMBALAGENS','DOCES DIN-DAN.','',2.59,1.58,1.58,12,7,1,0,'12/12/2008','25/01/2013','20/05/2013',0,'20',0,'100',0,'',0,0,0,0,'False',64,''
'01883','7891175200585','CONVITE SMILINGUIDO 2 REGINA','EMBALAGENS','DOCES DIN-DAN.','',2.59,1.58,1.58,18,1,1,0,'12/12/2008','25/01/2013','20/05/2013',0,'20',0,'100',0,'',0,0,0,0,'False',64,''
'01888','7891175229791','COPINHO SMILINGUIDO REGINA C/8UN','EMBALAGENS','COVIZZI','',4.3,2.66,2.66,18,3,1,0,'06/01/2009','25/01/2013','08/03/2014',0,'20',0,'100',0,'',0,0,0,0,'False',61.5,''
'01901','7897816230201','COPO DESC.LILAS TRIK TRIK','EMBALAGENS','BOAVISTENSE.','',3.15,1.8,1.8,0,0,0,0,'16/03/2009','23/08/2013','17/10/2013',0,'20',0,'100',0,'',0,0,0,0,'False',75,''
'01902','7897816230027','COPO DESC. AZUL CLARO TRI TRIK','EMBALAGENS','BOAVISTENSE.','',3.15,1.8,1.8,0,0,0,0,'16/03/2009','23/08/2013','19/06/2015',0,'20',0,'100',0,'',0,0,0,0,'False',75,''
'01913','7897742108230','COPINHO DESC LILAS','DIVERSOS','GARCIA DISTRIBUIDORA','',2.9,1.75,1.75,180,4,1,0,'24/03/2009','14/06/2013','11/02/2016',0,'20',0,'100',0,'',0,0,0,0,'False',65.5,''
'01915','7606060943016','CANDY BOOM MORANGO','DIVERSOS','LOJA 1','',0.3,0.17,0.17,0,0,1,0,'26/03/2009','16/05/2013','18/05/2013',0,'20',0,'100',0,'',0,0,0,0,'False',75,''
'01919','7891175275620','CONVITE BOB ESPONJA C/8UN','DIVERSOS','DIST.PROD.ALIM.BJ','',3.49,2.1,2.1,0,5,0,0,'30/03/2009','10/04/2014','25/09/2015',0,'20',0,'100',0,'',0,0,0,0,'False',66,''
'01920','7891175283861','CONVITE BACKYARDIGANS','DIVERSOS','DIST.PROD.ALIM.BJ','',5.49,3.5,3.5,108,2,0,0,'30/03/2009','10/04/2014','20/03/2015',0,'20',0,'100',0,'',0,0,0,0,'False',57,''
'01922','7891175295758','CONVITE FULEKO C/8UN','DIVERSOS','FALCON (COMERCIAL TOP DOCES LTDA','',5.49,3.5,3.5,-360,4,0,0,'31/03/2009','10/04/2014','',0,'20',0,'100',0,'',0,0,0,0,'False',57,''
'01925','7891175224390','CONVITE POOH MY FRIENDS C/8UN','DIVERSOS','SUPER NOVA','',5.49,3.5,3.5,120,1,0,0,'30/04/2009','10/04/2014','31/03/2016',0,'20',0,'100',0,'',0,0,0,0,'False',57,''
'01960','7898027656682','CAMP PÓ LIMÃO','CHICLETES','RICLAN S.A','',0.75,0,,-240,0,2,0,'27/06/2009','02/04/2013','16/08/2013',0,'20',0,'100',0,'',0,0,0,0,'False',0,''
'01965','7896343099343','COLHERZINHA PRAFESTA BRANCA','EMBALAGENS','','',2.19,1.37,1.37,0,0,1,0,'09/08/2009','09/02/2013','19/09/2013',0,'20',0,'100',0,'',0,0,0,0,'False',60,''
'01967','7896343099404','COLHERZINHA PRAFESTA TRANSP.','EMBALAGENS','J GONÇALVES DE MELO &CIA LTDA','',2.19,1.37,1.37,72,0,1,0,'04/09/2009','09/02/2013','27/08/2013',0,'20',0,'100',0,'
',0,0,0,0,'False',60,''
'01972','7891175258357','CHAPEUZINHO AVENGERS C/8UN','EMBALAGENS','COCA COLA','',6.5,4.06,4.06,3,0,1,0,'22/09/2009','09/02/2013','13/05/2014',0,'',0,'',0,'',0,0,0,0,'False',60,''
'01973','7891175213820','CHAPEUZINHO POLLY C/8UN','EMBALAGENS','NUTRI BONN','',6.5,4.06,4.06,12,5,1,0,'30/09/2009','09/02/2013','09/02/2013',0,'20',0,'100',0,'',0,0,0,0,'False',60,''
'01975','7891175213868','COPINHO POLLY C/8UN]','EMBALAGENS','MANDUBIM','',4.7,2.94,2.94,12,0,1,0,'02/10/2009','09/02/2013','01/08/2016',0,'20',0,'100',0,'',0,0,0,0,'False',60,''
'01988','7891175255714','CONVITE CAPITÃO AMERICA','EMBALAGENS','GARCIA DISTRIBUIDORA','',2.99,1.79,1.79,12,0,1,0,'25/02/2010','11/02/2013','15/12/2014',0,'',0,'',0,'',0,0,0,0,'False',67,''
'01989','7891175258364','CONVITE OS VINGADORES REGINA C/8UN','EMBALAGENS','GARCIA DISTRIBUIDORA','',2.99,1.79,1.79,72,1,1,0,'25/02/2010','11/02/2013','20/04/2013',0,'20',0,'100',0,'',0,0,0,0,'False',67,''
'01990','7891175236249','CONVITE POLLY REGINA C/8UN','CHICLETES','GARCIA DISTRIBUIDORA','',2.99,1.79,1.79,72,0,1,0,'25/02/2010','11/02/2013','13/11/2014',0,'20',0,'100',0,'',0,0,0,0,'False',67,''
'01992','7897816230034','COPO TRIK TRIK PRETO C/50UN','EMBALAGENS','DORI IND PROD.LTDA','',3.15,1.79,1.79,-32,0,0,0,'03/03/2010','25/10/2013','29/08/2015',0,'20',0,'100',0,'',0,0,0,0,'False',76,''
'02002','7891000412701','CHOC NESCAU BARRA','CHICLETES','DIST.PROD.ALIM.BJ','',1.85,1.08,0.59,120,0,0,0,'06/04/2010','30/08/2013','17/10/2013',0,'20',0,'100',0,'',0,0,0,0,'True',71,''
'02015','7897816230171','COPO TRIK TRIK VERDE C/50UN','EMBALAGENS','DORI IND PROD.LTDA','',3.15,1.79,1.79,240,0,0,0,'14/05/2010','30/08/2013','05/11/2015',0,'20',0,'100',0,'',0,0,0,0,'False',76,''
'02017','7897742106922','COLHER DESC AZUL','DIVERSOS','SUPRAFEST IND.COM.','',2.95,1.79,1.79,72,4,2,0,'23/05/2010','22/02/2013','08/09/2016',0,'20',0,'100',0,'',0,0,0,0,'False',65,''
'02018','7897742108285','COPINHO DESC ROSA','DIVERSOS','SUPRAFEST IND.COM.','',2.9,1.75,1.75,132,0,1,0,'23/05/2010','22/02/2013','18/02/2016',0,'20',0,'100',0,'',0,0,0,0,'False',65.5,''
'02022','7897011503155','corante mix amarelo damasco','DIVERSOS','BRIZA IND.COM.DOCES LTDA','',1.69,1.12,1.12,12,2,1,0,'07/07/2010','03/09/2013','18/12/2015',0,'20',0,'100',0,'',0,0,0,0,'False',51,''
'02025','7897147500189','COPO DESCARTAVEL COPO MAIS 150ML','EMBALAGENS','MELRRO','',2.4,1.41,1.41,66,0,1,0,'02/09/2010','22/02/2013','27/05/2013',0,'20',0,'100',0,'',0,0,0,0,'False',70,''
'02026','7897147500196','COPO DESCARTAVEL COPO MAIS 180ML','EMBALAGENS','BERBAU','',3.5,2.06,2.06,0,0,1,0,'16/09/2010','22/02/2013','04/12/2013',0,'20',0,'100',0,'',0,0,0,0,'False',70,''
'02028','7897011503230','corante mix vermelho morango','DIVERSOS','ALPES BRINDES E MINI BRINQUEDOS LTD','',1.69,1.12,1.12,24,0,1,0,'26/10/2010','22/02/2013','10/07/2015',0,'20',0,'100',0,'',0,0,0,0,'True',51,''
'02035','7896004400730','COCO RALADO MAIS COCO 100G','DIVERSOS','SUPRAFEST IND.COM.','',2.75,1.83,1.83,200,0,0,0,'28/10/2010','16/08/2013','06/12/2013',0,'20',0,'100',0,'',0,0,0,0,'True',50,''
'02076','7899348516570','CHAPEUZINHO SANTOS FESTCOLOR','EMBALAGENS','GARCIA DISTRIBUIDORA','',7.35,4.9,4.9,80,0,0,0,'14/10/2011','23/08/2013','05/11/2015',0,'20',0,'100',0,'',0,0,0,0,'False',50,''
'02077','7891175171076','CHAPEUZINHO REGINA LARANJA C/8UN','EMBALAGENS','GARCIA DISTRIBUIDORA','',3.45,2.09,2.09,80,0,1,0,'14/10/2011','22/02/2013','19/05/2015',0,'20',0,'100',0,'',0,0,0,0,'False',65,''
'02079','7896641308833','CHAPEUZINHO ULTRAFESTA AZUL CLARO C/8UN','EMBALAGENS','LIPE IND. DE PROD. ALIMENTICIOS','',3.45,2.09,2.09,180,1,1,0,'19/10/2011','22/02/2013','22/05/2014',0,'20',0,'100',0,'',0,0,0,0,'False',65,''
'02080','7896641308932','CHAPEUZINHO ULTRAFEST VERMELHO C/8UN','EMBALAGENS','DISTR. DOCES TOP TEM','',3.45,2.09,2.09,40,-1,1,0,'27/10/2011','22/02/2013','25/06/2016',0,'20',0,'100',0,'',2,4.18,6.9,2.72,'False',65,''
'02081','7891175171090','CHAPEUZINHO AZUL ROYAL REGINA C/8UN','EMBALAGENS','DISTR. DOCES TOP TEM','',3.45,2.09,2.09,54,0,1,0,'27/10/2011','22/02/2013','15/10/2013',0,'20',0,'100',0,'',0,0,0,0,'False',65,''
'02082','7891175171052','CHAPEUZINHO VERMELHO REGINA C/8UN','EMBALAGENS','NEVADA','',2.61,2.09,2.09,48,0,1,0,'02/12/2011','22/02/2013','29/10/2013',0,'',0,'100',0,'',0,0,0,0,'False',25,''
'02092','7898234373624','COPO BRIGADEIRO PLASTILANIA VERM 010','EMBALAGENS','','',8.99,5.53,5.53,,0,0,0,'25/04/2012','23/08/2013','06/12/2013',0,'20',0,'100',,'',0,0,0,0,'False',62.5,''
'02109','7898370100450','COCO RALADO NORDESTE 100G','DIVERSOS','','',3.29,2.24,2.04,,0,0,0,'09/03/2013','31/05/2013','03/05/2013',0,'',0,'',,'',0,0,0,0,'',47,''
'02111','7898461385544','CONVITE PICA PAU C/8UN YONIFEST','EMBALAGENS','','',3.19,1.96,1.82,,2,0,0,'09/03/2013','26/09/2013','30/11/2013',0,'',0,'',,'',0,0,0,0,'',63,''
'02112','7899348519953','CONVITE GALINHA PINTADINHA FESTCOLOR','EMBALAGENS','','',3.25,1.96,1.82,,1,0,0,'09/03/2013','26/09/2013','20/01/2014',0,'',0,'',,'',0,0,0,0,'',66,''
'02133','7506060943095','CANDY BOOM MORANGO 2G','DIVERSOS','','',0.35,0.19,0.13,,0,0,0,'13/03/2013','','16/05/2013',0,'',0,'',,'',0,0,0,0,'',85,''
'02140','7891175228596','CONVITE NEMO C/8UN','DIVERSOS','','',5.49,3.5,3.5,,6,0,0,'20/03/2013','10/04/2014','',0,'',0,'',,'',0,0,0,0,'False',57,''
'02146','7891175231602','COPINHO PUCCA REGINA','DIVERSOS','','',4.25,2.66,2.66,,0,1,0,'22/03/2013','22/03/2013','07/05/2016',0,'',0,'',,'',0,0,0,0,'',59.6,''
'02149','7891175239110','CONVITE GATA MARIE C/8UN','DIVERSOS','','',2.55,1.58,1.58,,1,1,0,'22/03/2013','26/04/2013','19/07/2013',0,'',0,'',,'',0,0,0,0,'',61.5,''
'02150','7891175215503','CONVITE PUCCA REGINA C/8UN','DIVERSOS','','',2.19,1.33,1.33,,3,1,0,'22/03/2013','22/03/2013','30/07/2013',0,'',0,'',,'',0,0,0,0,'',65,''
'02153','7891175231589','CHAPEUZINHO PUCCA C/8UN','DIVERSOS','','',6.49,4.06,4.06,,0,1,0,'22/03/2013','22/03/2013','07/05/2016',0,'',0,'',,'',0,0,0,0,'',59.8,''
'02157','7897816230089','COPO DESC. TRIK TRIK AZUL ESCURO C/50UN','EMBALAGENS','','',3.15,1.79,1.79,,4,1,0,'23/03/2013','23/08/2013','24/11/2015',0,'',0,'',,'',0,0,0,0,'',76,''
'02158','7897816230164','COPO DESC. TRIK TRIK VERMELHO','EMBALAGENS','','',3.15,1.79,1.79,,4,1,0,'23/03/2013','23/08/2013','19/05/2016',0,'',0,'',,'',0,0,0,0,'',76,''
'02165','7897011503834','corante mix pink','DIVERSOS','','',1.69,1.12,1.12,,0,1,0,'28/03/2013','25/07/2014','25/04/2016',0,'',0,'0',,'',0,0,0,0,'False',51,''
'02176','7891000889701','CALIPSO','BISCOITOS','','',6,3.95,3.95,,0,0,0,'02/04/2013','13/11/2014','18/12/2014',0,'20',0,'100',,'',0,0,0,0,'False',52,''
'02177','','CASINHA GATA MARIE','EMBALAGENS','','',18,12,0,,0,0,0,'05/04/2013','06/12/2013','07/12/2013',0,'',0,'',,'',0,0,0,0,'',50,''
'02181','7891175274678','CONVITE MOSTER HIGH','DIVERSOS','','',3.35,2.1,1.89,,1,0,0,'05/04/2013','26/09/2013','27/08/2014',0,'',0,'',,'',0,0,0,0,'',59.5,''
'02182','7891175263429','COPINHO MINNIE NOVO REGINA','DIVERSOS','','',4.99,3.22,3.22,,0,1,0,'05/04/2013','05/04/2013','23/03/2015',0,'',0,'',,'',0,0,0,0,'',55,''
'02189','7891175274685','COPINHO MONSTER HIGH C/8UN','DIVERSOS','','',4.99,3.22,3.22,,0,0,0,'05/04/2013','21/09/2013','18/03/2014',0,'',0,'',,'',0,0,0,0,'',55,''
'02190','7891175263412','CONVITE MINNIE NOVO REGINA','DIVERSOS','','',3.35,2.1,1.89,,2,0,0,'05/04/2013','06/12/2013','18/11/2014',0,'',0,'',,'',0,0,0,0,'',59.5,''
'02193','7899348519946','CHAPEUZINHO GALINHA PINTADINHA C/8UN','DIVERSOS','','',9.45,6.3,5.95,,0,1,0,'05/04/2013','21/09/2013','11/10/2013',0,'',0,'',,'',0,0,0,0,'',50,''
'02197','7898269050019','COCO RALADO HAIBISKA','DIVERSOS','','',13.2,11,11,,0,1,0,'05/04/2013','23/12/2015','02/07/2016',0,'20',0,'100',,'',1,11,13.2,2.2,'',20,''
'02210','7897011503254','corante mix branco leite','DIVERSOS','','',1.69,1.12,1.12,,7,1,0,'19/04/2013','09/05/2013','02/06/2016',0,'',0,'',,'',1,1.12,1.69,0.57,'False',51,''
'02227','7898027656620','CAMP PÓ ABACAXI 25G','SUCOS','','',0.75,0.47,0.47,,0,1,0,'24/04/2013','24/04/2013','02/10/2013',0,'',0,'',,'',0,0,0,0,'',60,''
'02229','7897816230065','COPO TRIK TRIK BRANCO C/50UN','','','',2.69,1.79,1.38,,0,0,0,'24/04/2013','04/04/2014','07/06/2014',0,'',0,'',,'',0,0,0,0,'',50,''
'02250','7897816230126','copo trik trik amarelo','DIVERSOS','','',3.15,2.5,0,,0,0,0,'27/04/2013','30/08/2013','10/10/2014',0,'',0,'',,'',0,0,0,0,'',,''
'02274','7896004400013','COCO RALADO SOCOCO 100G','DIVERSOS','','',2.95,1.89,1.89,,0,1,0,'04/05/2013','04/05/2013','03/10/2013',0,'',0,'',,'',0,0,0,0,'True',56,''
'02280','7891175270229','CONVITE TIKER BELL C/8UN','EMBALAGENS','','',3.15,2.09,2.09,,7,0,0,'10/05/2013','26/09/2013','17/10/2013',0,'',0,'',,'',0,0,0,0,'',50.5,''
'02281','7899348516587','CONVITE SANTOS YONIFEST C/8UN','DIVERSOS','','',3,1.82,1.82,,5,1,0,'10/05/2013','10/05/2013','13/10/2015',0,'',0,'',,'',0,0,0,0,'',65,''
'02282','7891175203616','CONVITE BATMAN REGINA C/8UN','EMBALAGENS','','',3.15,2.1,2.1,,0,0,0,'10/05/2013','26/09/2013','02/02/2016',0,'',0,'',,'',0,0,0,0,'',50,''
'02284','7899348516259','COPINHO CORITHIANS C/8UN','DIVERSOS','','',4.7,2.94,2.73,,0,0,0,'10/05/2013','21/09/2013','27/10/2015',0,'',0,'',,'',0,0,0,0,'',60,''
'02287','7898361133702','COPINHO SANTOS YONIFEST C/8UN','DIVERSOS','','',4.1,2.73,2.73,,2,1,0,'10/05/2013','10/05/2013','',0,'',0,'',,'',0,0,0,0,'',50,''
'02306','','CASTELO PRINCESA','','','',28.42,14,32.8,,-1,1,0,'24/05/2013','24/05/2013','03/09/2016',0,'20',0,'100',,'',0,0,0,0,'',103,''
'02317','7899348503716','CONVITE MONICA FESTCOLOR C/8UN','EMBALAGENS','','',3.15,1.96,1.82,,7,0,0,'31/05/2013','26/09/2013','03/01/2014',0,'',0,'',,'',0,0,0,0,'',60.5,''
'02318','7899348509411','CONVITE BOB ESPONJA C/8UN FESTCOLOR','EMBALAGENS','','',2.95,1.82,1.82,,2,1,0,'31/05/2013','31/05/2013','07/10/2015',0,'',0,'',,'',0,0,0,0,'',62,''
'02319','7891175238588','CONVITE HOTWHELLS C/8UN','EMBALAGENS','','',3.4,2.1,2.09,,1,0,0,'31/05/2013','26/09/2013','02/02/2016',0,'',0,'',,'',0,0,0,0,'',62,''
'02326','7899348500180','COPINHO MORANGUINHO C/8UN FESTCOLOR','EMBALAGENS','','',4.35,2.72,2.72,,0,1,0,'31/05/2013','31/05/2013','20/09/2013',0,'',0,'',,'',0,0,0,0,'',60.1,''
'02347','7896072641578','CHOCOPOWER BALL 80G','DIVERSOS','','',3.05,2.03,1.95,,0,0,0,'07/06/2013','05/04/2014','11/09/2014',0,'',0,'',,'',0,0,0,0,'True',50,''
'02348','7896072644142','CHOCOLATE EM PÓ MAVALÉRIO 50%','CHOCOLATES','','',22.8,16.83,16.83,,0,1,0,'07/06/2013','08/07/2013','04/10/2013',0,'',0,'',,'',0,0,0,0,'True',35.5,''
'02369','7891175281959','CONVITE HOMEM DE FERRO REGINA','EMBALAGENS','','',4.95,3.28,3.98,,1,0,0,'21/06/2013','21/06/2013','07/10/2015',0,'',0,'',,'',0,0,0,0,'',51,''
'02376','7891175270724','CONVITE TOY STORY REGINA C/8UN','EMBALAGENS','','',3.25,2.1,2.1,,3,1,0,'21/06/2013','21/06/2013','19/12/2013',0,'',0,'',,'',0,0,0,0,'',54.8,''
'02377','7891175230919','CONVITE MICKEY MOUSE REGINA C/80UN','EMBALAGENS','','',3.25,2.1,2.1,,0,1,0,'21/06/2013','21/06/2013','20/06/2015',0,'',0,'',,'',0,0,0,0,'',54.8,''
'02378','7891175268882','CONVITE DINEY BABY ROSA','EMBALAGENS','','',3.25,2.1,2.1,,0,0,0,'21/06/2013','26/09/2013','05/10/2015',0,'',0,'',,'',0,0,0,0,'',54.8,''
'02379','7891175268875','CONVITE DISNEY BABY AZUL','EMBALAGENS','','',3.25,2.1,2.1,,0,0,0,'21/06/2013','26/09/2013','02/07/2016',0,'',0,'',,'',0,0,0,0,'',54.8,''
'02384','7891175281942','CHAPEUZINHO HOMEM DE FERRO','EMBALAGENS','','',7.85,4.89,4.06,,4,0,0,'21/06/2013','21/09/2013','17/02/2016',0,'',0,'',,'',0,0,0,0,'',60.5,''
'02385','7894321222127','COOKIE TODDY 40G','BISCOITOS','Pepsico do Brasil Ltda','',1.7,1.14,1,248,8,1,0,'28/06/2013','11/08/2016','27/09/2016',0,'20',,'100',,'',23,23,34.5,11.5,'',49,''
'02392','7896523147703','copo princess 330ml junco','EMBALAGENS','','',6,3.8,3.8,,8,1,0,'29/06/2013','25/07/2014','17/06/2016',0,'',0,'',,'',2,7.6,12,4.4,'False',58,''
'02421','7897077820623','COB.HARALD TOP MEIO AMARGO GOTAS EMB NOVA','CHOCOLATES','','',18.5,17.5,17.5,,10,2,0,'03/09/2013','06/10/2016','29/09/2016',0,'20',0,'100',,'



',0,0,0,0,'',,''
'02423','7897077820746','COB TOP BLEND BARRA EMB NOVA 1,050KG','EMBALAGENS','','',15.24,11.29,11.29,,0,1,0,'03/09/2013','22/03/2014','07/11/2015',0,'',0,'',,'',0,0,0,0,'True',35,''
'02429','7896523148045','copo bem vindo a selva junco','DIVERSOS','','',6,3.8,3.8,,10,1,0,'13/09/2013','20/12/2013','11/10/2014',0,'',0,'',,'',0,0,0,0,'True',58,''
'02430','7897011503193','corante mix preto ameixa','DIVERSOS','','',1.69,1.12,1.12,,0,1,0,'13/09/2013','25/07/2014','07/05/2016',0,'',0,'',,'',0,0,0,0,'False',51,''
'02435','7896004400020','COCO RALADO SOCOCO 50G.','DIVERSOS','','',1.89,1.27,1.27,,0,0,0,'20/09/2013','20/09/2013','08/01/2014',0,'',0,'',,'',0,0,0,0,'True',49,''
'02437','7891175255707','CHAPEUZINHO AVENGERS MOD 2 REGINA','DIVERSOS','','',6.5,4.06,4.06,,0,0,0,'21/09/2013','21/09/2013','14/11/2015',0,'',0,'',,'',0,0,0,0,'',60,''
'02438','7899348514705','CHAPEUZINHO ANGRY BIRDS C/8UN REGINA','DIVERSOS','','',8.49,5.29,5.29,,1,0,0,'21/09/2013','21/09/2013','30/07/2015',0,'',0,'',,'',0,0,0,0,'',60.5,''
'02439','7899348507448','CHAPEUZINHO TURMA DA MONICA C/8UN','DIVERSOS','','',9.45,6.3,6.3,,3,0,0,'21/09/2013','21/09/2013','',0,'',0,'',,'',0,0,0,0,'',50,''
'02440','7891175270717','CHAPEUZINHO TOY STORY C/8UN','DIVERSOS','','',7.85,4.9,4.9,,1,0,0,'21/09/2013','21/09/2013','22/11/2014',0,'',0,'',,'',0,0,0,0,'',60.2,''
'02441','7891175282635','CHAPEUZINHO BARBIE LIFE','DIVERSOS','','',7.85,4.9,4.9,,0,0,0,'21/09/2013','21/09/2013','08/01/2016',0,'',0,'',,'',0,0,0,0,'',60.2,''
'02442','7899348503693','CHAPEUZINHO MONICA C/8UN','DIVERSOS','','',9.45,6.3,6.3,,1,0,0,'21/09/2013','21/09/2013','',0,'',0,'',,'',0,0,0,0,'',50,''
'02443','7899348509251','CHAPEUZINHO GALINHA MOD 2','DIVERSOS','','',9.45,6.3,6.3,,0,0,0,'21/09/2013','21/09/2013','14/03/2015',0,'',0,'',,'',0,0,0,0,'',50,''
'02444','7899348511711','CHAPEUZINHO DORA AVENTUREIRA C/8UN','DIVERSOS','','',9.45,6.3,0,,4,0,0,'21/09/2013','21/09/2013','04/03/2016',0,'',0,'',,'',0,0,0,0,'',50,''
'02445','7891175284066','CHAPEUZINHO MORANGUINHO BABY MOD2','DOCES','','',7.85,4.9,4.9,,0,0,0,'21/09/2013','21/09/2013','09/05/2014',0,'',0,'',,'',0,0,0,0,'',60.2,''
'02446','7891175262255','COPINHO HOME ARANHA MOD 2 C/8UN','DIVERSOS','','',5.15,3.22,3.22,,0,0,0,'21/09/2013','21/09/2013','09/12/2015',0,'',0,'',,'',0,0,0,0,'',60,''
'02447','7891175256353','COPINHO HOMEN ARANHA C/8UN','DIVERSOS','','',5.15,3.22,3.22,,-1,0,0,'21/09/2013','21/09/2013','08/06/2016',0,'',0,'',,'',1,3.22,5.15,1.93,'',60,''
'02448','7899348509428','COPINHO BOB ESPONJA C/8UN','DIVERSOS','','',4.7,2.94,2.94,,4,0,0,'21/09/2013','21/09/2013','',0,'',0,'',,'',0,0,0,0,'',60,''
'02449','7891175258371','COPINHO VINGADORES C/8UN','DIVERSOS','','',5.15,3.22,3.22,,0,0,0,'21/09/2013','21/09/2013','17/02/2016',0,'',0,'',,'',0,0,0,0,'',60,''
'02450','7891175262873','COPINHO BATMAN C/8UN','DIVERSOS','','',5.15,3.22,3.22,,6,0,0,'21/09/2013','21/09/2013','23/12/2015',0,'',0,'',,'',0,0,0,0,'',60,''
'02451','7891175282536','COPINHO GATA MARIE 330ML','EMBALAGENS','','',9.96,6.64,3.22,,3,0,0,'21/09/2013','21/09/2013','',0,'',0,'',,'',0,0,0,0,'',50,''
'02452','7891279856107','COPINHO DORA AVENTUREIRA C/8UN','DIVERSOS','','',4.7,2.94,2.94,,3,0,0,'21/09/2013','21/09/2013','',0,'',0,'',,'',0,0,0,0,'',60,''
'02453','7898361134136','COPINHO FELIZ ANIV C/8UN','DIVERSOS','','',4.85,3.22,3.22,,0,0,0,'21/09/2013','','13/11/2014',0,'',0,'',,'',0,0,0,0,'',50.5,''
'02454','7891175270236','COPINHO FADAS C/8UN','DIVERSOS','','',5.15,3.22,3.22,,3,0,0,'21/09/2013','21/09/2013','',0,'',0,'',,'',0,0,0,0,'',60,''
'02486','7891175283687','CONVITE AVIOES C/8UN','EMBALAGENS','','',5.6,3.5,3.5,,0,0,0,'26/09/2013','26/09/2013','08/04/2015',0,'',0,'',,'',0,0,0,0,'True',60,''
'02487','7891175283144','CONVITE CARROS MOD 2','DIVERSOS','','',5.1,3.29,3.29,,1,0,0,'26/09/2013','26/09/2013','08/04/2015',0,'',0,'',,'',0,0,0,0,'',55,''
'02488','7891175283328','CONVITE BEN 10 MOD 3','DIVERSOS','','',2.4,2.1,2.1,,0,0,0,'26/09/2013','26/09/2013','16/04/2016',0,'',0,'',,'',0,0,0,0,'',54.8,''
'02489','7891175165358','CONVITE BARBIE MOD 2','DIVERSOS','','',3.25,2.1,2.1,,1,0,0,'26/09/2013','26/09/2013','13/11/2015',0,'',0,'',,'',0,0,0,0,'',54.8,''
'02490','7891175283427','CONVITE GATA MARIE MOD 2','DIVERSOS','','',5.25,3.49,3.29,,2,0,0,'26/09/2013','10/04/2014','10/06/2015',0,'',0,'',,'',0,0,0,0,'',50.5,''
'02491','7899348511728','CONVITE DORA AVENTUREIRA C/8UN','DIVERSOS','','',3.05,1.96,1.96,,3,0,0,'26/09/2013','26/09/2013','',0,'',0,'',,'',0,0,0,0,'',55.5,''
'02492','7899348514019','CONVITE PATATI PATATA MOD 2','DIVERSOS','','',3.05,1.96,1.96,,0,0,0,'26/09/2013','26/09/2013','04/06/2014',0,'',0,'',,'',0,0,0,0,'',55.5,''
'02493','7899348515535','CONVITE PATATI PATATA MOD 1','DIVERSOS','','',3.05,1.96,1.96,,0,0,0,'26/09/2013','26/09/2013','04/06/2014',0,'',0,'',,'',0,0,0,0,'',55.5,''
'02494','7899348514712','CONVITE ANGRY BIRDS C/8UN','DIVERSOS','','',3.29,2.1,2.1,,0,0,0,'26/09/2013','26/09/2013','15/10/2014',0,'',0,'',,'',0,0,0,0,'True',56.5,''
'02495','7899348522809','CONVITE COCORICO C/8UN','EMBALAGENS','','',3.4,2.1,2.1,,5,0,0,'26/09/2013','26/09/2013','',0,'',0,'',,'',0,0,0,0,'',62,''
'02502','7622300851583','CHOC,LACTA AO LEITE','CHOCOLATES','JFTATTY','',5.99,3.7833,3.7833,12,0,0,0,'18/10/2013','15/10/2014','09/01/2016',0,'20',0,'100',,'',0,0,0,0,'False',58.2,''
'02511','7622300851941','CHOC.LACTA SHOT','CHOCOLATES','JFTATTY','',5.99,4.59,4.59,24,0,1,0,'18/10/2013','06/07/2016','24/08/2016',0,'20',0,'100',,'',8,36.72,47.92,11.2,'False',30.2,''
'02512','7898370105219','COCO VALE UMIDO E ADOÇADO 1KG','DIVERSOS','','',17.4,12.84,12.32,,0,0,0,'18/10/2013','08/11/2013','20/12/2013',0,'',0,'',,'',0,0,0,0,'',35.5,''
'02520','7896226303116','CORANTE MARFIM ARTCOLOR 10ML','DIVERSOS','','',1.55,0.84,0.84,,0,0,0,'19/10/2013','19/10/2013','11/04/2014',0,'',0,'',,'',0,0,0,0,'True',85,''
'02521','7896226303062','CORANTE VERDE OLIVA ARTCOLOR 10ML','DIVERSOS','','',1.55,0.84,0.84,,0,0,0,'19/10/2013','19/10/2013','15/11/2014',0,'',0,'',,'',0,0,0,0,'True',85,''
'02523','7896226300665','CORANTE LARANJA PO ARTCOLOR','DIVERSOS','','',1.3,0.7,0.7,,0,0,0,'19/10/2013','19/10/2013','11/03/2016',0,'',0,'',,'',0,0,0,0,'',85,''
'02524','7896226300658','CORANTE MARRON PO ARTCOLOR 5G','DIVERSOS','','',1.3,0.7,0.7,,0,0,0,'19/10/2013','19/10/2013','17/03/2014',0,'',0,'',,'',0,0,0,0,'True',85,''
'02525','7896226300603','CORANTE VERMELHO PO ARTCOLOR 5G','EMBALAGENS','','',1.3,0.7,0.7,,0,0,0,'19/10/2013','19/10/2013','28/12/2013',0,'',0,'',,'',0,0,0,0,'True',85,''
'02526','7896226300627','CORANTE VERDE PO ARTCOLOR 5G','DIVERSOS','','',1.3,0.7,0.7,,0,0,0,'19/10/2013','19/10/2013','29/10/2014',0,'',0,'',,'',0,0,0,0,'True',85,''
'02527','7896226300689','CORANTE PRETO PO ARTCOLOR 5G','DIVERSOS','','',1.3,0.7,0.7,,0,0,0,'19/10/2013','19/10/2013','02/06/2014',0,'',0,'',,'',0,0,0,0,'True',85,''
'02532','7896004401058','COCO RALADO MAIS COCO 50G','DIVERSOS','','',1.85,1.23,1.23,,0,0,0,'08/11/2013','02/05/2014','19/02/2015',0,'',0,'',,'',0,0,0,0,'True',50,''
'02559','7898027656644','CAMP PO MANGA 25G','DIVERSOS','','',0.75,0.4,0.4,,0,0,0,'10/01/2014','10/01/2014','22/01/2015',0,'',0,'',,'',0,0,0,0,'',88,''
'02560','7896411800253','COBERTURA SORVETE SELECTA CHOCOLATE 1,3K','DIVERSOS','','',9.85,6.54,6.54,,0,0,0,'11/01/2014','11/01/2014','05/07/2014',0,'',0,'',,'',0,0,0,0,'',50.6,''
'02561','7896411800277','COBERTURA SORVETE SELECTA MORANGO 1,3KG','DIVERSOS','','',7.05,4.67,4.67,,0,0,0,'11/01/2014','11/01/2014','25/01/2014',0,'',0,'',,'',0,0,0,0,'',51,''
'02562','7896411800208','COBERTURA SORVETE SELECTA CHOCOLATE 300G','DIVERSOS','','',4.2,2.8,2.8,,0,0,0,'11/01/2014','10/01/2014','04/05/2015',0,'',0,'',,'',0,0,0,0,'',50,''
'02563','7896411800222','COBERTURA SORVETE MORANGO SELECTA 300G','DIVERSOS','','',3.85,2.54,2.54,,0,0,0,'11/01/2014','10/11/2014','07/07/2014',0,'',0,'',,'',0,0,0,0,'',51.5,''
'02567','7898945393553','COPINHO BRIGADEIRO ROSA CLEAN WAVE','EMBALAGENS','','',8.4,5.6,5.6,,0,0,0,'07/02/2014','07/02/2014','09/08/2014',0,'',0,'',,'',0,0,0,0,'',50,''
'02568','7898945393560','COPINHO BRIGADEIRO VIOLETA CLEAN WAVE','EMBALAGENS','','',8.4,5.6,5.6,,0,0,0,'07/02/2014','07/02/2014','17/07/2014',0,'',0,'',,'',0,0,0,0,'',50,''
'02569','7898945393584','COPINHO BRIGADEIRO AMARELO CLEAN WAVE','EMBALAGENS','','',8.4,5.6,5.6,,0,0,0,'07/02/2014','07/02/2014','04/07/2015',0,'',0,'',,'',0,0,0,0,'',50,''
'02570','7898945393492','COPINHO BRIGADEIRO PRETO CLEAN WAVE','EMBALAGENS','','',8.4,5.6,5.6,,0,0,0,'07/02/2014','07/02/2014','13/07/2015',0,'',0,'',,'',0,0,0,0,'',50,''
'02573','7897742102047','COLHER DESC CRISTAL','DIVERSOS','','',2.95,1.77,1.77,,16,1,0,'08/02/2014','07/02/2014','10/08/2016',0,'',0,'',,'',1,1.77,2.95,1.18,'False',66.5,''
'02574','7898945393065','COLHER BRIGADEIRO TRANSP. CLEAN WAVE','EMBALAGENS','','',3.69,2.1,2.1,,0,0,0,'08/02/2014','07/02/2014','26/11/2015',0,'',0,'',,'',0,0,0,0,'',75.5,''
'02580','7897077820739','COBERTURA CONFEITEIRO AO LEITE 1,050KG','CHOCOLATES','','',24.61,23.8,23.8,,10,2,0,'22/03/2014','06/10/2016','12/09/2016',0,'',0,'',,'

',0,0,0,0,'',,''
'02581','7897077820913','COBERTURA CONFEITEIRO BLEND 1,050KG','CHOCOLATES','','',11.09,7.65,7.65,,0,0,0,'22/03/2014','22/03/2014','17/04/2014',0,'',0,'',,'',0,0,0,0,'',45,''
'02584','7896497202187','CHOCOLATE EM PÓ 35% CACAU DONA JURA','CHOCOLATES','','',14.49,9.65,9.65,,0,0,0,'22/03/2014','17/09/2015','23/07/2016',0,'20',0,'100',,'',0,0,0,0,'',50.2,''
'02596','7897147500202','COPOMAIS 200ML C/100UNID','EMBALAGENS','','',3.99,2.48,2.48,,4,0,0,'17/05/2014','17/09/2016','22/09/2016',0,'',0,'0',,'',0,0,0,0,'',61,''
'02662','7896523116990','convite princesas junco','DIVERSOS','','',2.4,1.19,1.19,,15,1,0,'02/05/2015','02/05/2015','01/12/2015',0,'',0,'',,'',0,0,0,0,'',102,''
'02663','7896523148038','convite aniv.bem vindo a selva junco','DIVERSOS','','',2.4,1.19,1.19,,20,2,0,'02/05/2015','02/05/2015','',0,'',0,'',,'',0,0,0,0,'True',102,''
'02664','7896523147864','convite de aniv.sapatinho de cristal junco','DIVERSOS','','',4.99,2.67,2.67,,8,1,0,'02/05/2015','02/05/2015','16/05/2015',0,'',0,'',,'',0,0,0,0,'',87,''
'02665','7896523134468','convite vestido da princesa junco','DIVERSOS','','',5.76,3.39,3.39,,9,1,0,'02/05/2015','02/05/2015','30/08/2016',0,'',0,'',,'',0,0,0,0,'',70,''
'02666','7896523134482','convite bailarina junco','DIVERSOS','','',4.6,2.54,2.54,,20,1,0,'02/05/2015','02/05/2015','22/09/2016',0,'',0,'',,'',0,0,0,0,'',81,''
'02667','7896523134383','convite carruagem junco','DIVERSOS','','',4.6,2.53,2.53,,17,1,0,'02/05/2015','02/05/2015','05/07/2016',0,'',0,'',,'',0,0,0,0,'',82,''
'02668','7896523147963','convite chá de fraldas rosa','DIVERSOS','','',3.99,2.19,2.19,,5,1,0,'02/05/2015','02/05/2015','23/08/2016',0,'',,'',,'',0,0,0,0,'',82,''
'02669','7896523108872','convite cha de bebe junco','DIVERSOS','','',2.5,1.38,1.38,,6,1,0,'02/05/2015','02/05/2015','02/08/2016',0,'',0,'',,'',0,0,0,0,'',81,''
'02670','7896523134420','convite cha bebe roupinha menina junco','DIVERSOS','','',5.5,2.9,2.9,,10,1,0,'02/05/2015','02/05/2015','18/05/2015',0,'',0,'',,'',0,0,0,0,'',89.5,''
'02671','7896523134413','convite cha de bebe menino junco','DIVERSOS','','',5.5,2.9,2.9,,8,1,0,'02/05/2015','02/05/2015','06/06/2015',0,'',0,'',,'',0,0,0,0,'',89.5,''
'02698','7898215606758','chantily norcau','DIVERSOS','','',8.98,6.75,6.75,,0,1,0,'16/06/2015','16/06/2015','23/09/2016',0,'20',0,'100',,'',0,0,0,0,'',33,''
'02714','7892840253042','CHEETOS MIX','SALGADINHOS','','',2.49,1.67,1.67,,2,0,0,'29/07/2015','28/07/2016','31/08/2016',0,'20',0,'100',,'',9,15.03,22.41,7.38,'',49,''
'02726','7897077820692','cobertura top branca','DIVERSOS','','',20.49,16.39,16.39,,0,1,0,'20/08/2015','','07/03/2016',0,'',0,'',,'',0,0,0,0,'',25,''
'02747','7896497200565','CONFEITOS CROCANTE BRANCO','DIVERSOS','','',2.49,1.4,1.4,,24,0,0,'17/09/2015','17/09/2015','02/08/2016',0,'20',0,'',,'',0,0,0,0,'',78,''
'02748','7896497200596','CONFEITOS CROCANTE AZUL','DIVERSOS','','',2.49,1.4,1.4,,7,0,0,'17/09/2015','17/09/2015','12/08/2016',0,'20',0,'100',,'',1,1.4,2.49,1.09,'',78,''
'02749','7896497200589','CONFEITOS CROCANTE AMARELO','DIVERSOS','','',2.49,1.4,1.4,,17,0,0,'17/09/2015','17/09/2015','11/08/2016',0,'20',0,'100',,'',1,1.4,2.49,1.09,'',78,''
'02751','7896497200619','CONFEITOS CROCANTE ROSA','DIVERSOS','','',2.49,1.4,1.4,,19,0,0,'17/09/2015','19/09/2015','30/09/2016',0,'20',0,'100',,'',0,0,0,0,'',78,''
'02756','7896497201586','CONFEITOS GRANULADO ROSA','DIVERSOS','','',1.5,0.75,0.75,,48,0,0,'17/09/2015','17/09/2015','05/09/2016',0,'20',0,'100',,'',0,0,0,0,'',100,''
'02758','7896497200459','CACAU EM PÓ DONA JURA','CHOCOLATES','','',9.2,6.3,6.3,,5,0,0,'17/09/2015','17/09/2015','20/08/2016',0,'20',0,'100',,'',1,6.3,9.2,2.9,'',46,''
'02759','7896497201258','CONFEITOS CROCANTE BRANCO E ROSA','DIVERSOS','','',2.51,1.52,1.52,,278,0,0,'17/09/2015','17/09/2015','10/09/2016',0,'20',0,'100',,'',2,3.04,5.02,1.98,'',65,''
'02765','78933262','choc kit kat 16g','CHOCOLATES','','',0.99,0.71,0.71,,0,1,0,'24/09/2015','','21/10/2015',0,'',0,'',,'',0,0,0,0,'True',40,''
'02766','8691707095158','choc go fresh','CHOCOLATES','','',1,0.63,0.63,,0,1,0,'24/09/2015','','18/11/2015',0,'',0,'',,'',0,0,0,0,'True',58,''
'02784','7622300851989','CHOC.LACTA SHOT BRANCO C/AMENDOIM','CHOCOLATES','','',6.99,0,0,,0,0,0,'02/10/2015','02/10/2015','25/01/2016',0,'20',0,'100',,'',0,0,0,0,'',,''
'02786','7891000103227','CHOC.NESTLE GALAK','CHOCOLATES','','',5.5,0,0,,0,0,0,'02/10/2015','02/10/2015','04/06/2016',0,'20',0,'100',,'',1,0,5.5,5.5,'',,''
'02788','7891000103289','CHOC.NESTLE CLASSIC MEIO AMARGO','CHOCOLATES','','',6.99,0,0,,0,0,0,'02/10/2015','02/10/2015','08/12/2015',0,'20',0,'100',,'',0,0,0,0,'',,''
'02826','7622210411501','CHOCOLATE 5 STAR','CHOCOLATES','','',2.5,1.58,1.12,,5,1,0,'11/01/2016','13/09/2016','29/09/2016',0,'20',0,'100',,'',0,0,0,0,'',58,''
'02834','7622300281489','CLUB SOCIAL PRESUNTO','BISCOITOS','','',2.49,2,2,,0,1,0,'11/01/2016','11/01/2016','20/04/2016',0,'',0,'',,'',0,0,0,0,'True',50,''
'02835','7622300845056','CLUB SOCIAL SANDUBA','BISCOITOS','','',1.74,1.24,1.24,,0,1,0,'11/01/2016','11/01/2016','06/07/2016',0,'',0,'',,'',6,7.44,10.44,3,'True',40,''
'02873','1221','CONVITE ALEGRA DIVERSOS','DIVERSOS','','',2.5,1.25,1.25,,29,0,0,'26/02/2016','26/02/2016','08/08/2016',0,'20',0,'100',,'',3,3.75,7.5,3.75,'',100,''
'02887','7898192035121','CAFERAZZI','DIVERSOS','','',1.5,1,0,,0,0,0,'11/03/2016','11/03/2016','20/06/2016',0,'20',0,'100',,'',2,2,3,1,'',50,''
'02892','7894321228723','COOKIE TODDY EXTRA','BOLACHAS','','',2,1.45,0,,20,0,0,'28/03/2016','16/06/2016','28/09/2016',0,'20',0,'100',,'',8,11.6,16,4.4,'',38,''
'02901','7898142861565','CHOKO SNACK BLACK','CHOCOLATES','','',1,0.52,0.52,,0,1,0,'22/04/2016','','13/06/2016',0,'',0,'',,'',12,6.24,12,5.76,'',92,''
'02902','7898142861541','CHOCO SNAK DUO','CHOCOLATES','','',1,0.52,0.52,,0,1,0,'22/04/2016','14/06/2016','28/06/2016',0,'',0,'',,'',21,10.92,21,10.08,'',92,''
'02903','7898142861442','CHOCO SNAK LEITE','CHOCOLATES','','',1,0.52,0.52,,0,1,0,'22/04/2016','14/06/2016','22/06/2016',0,'',0,'',,'',26,13.52,26,12.48,'',92,''
'02917','7892840252847','CHEETOS LUA PARMESÃO','SALGADINHOS','','',2.51,1.67,1.67,,9,0,0,'18/05/2016','11/08/2016','28/09/2016',0,'20',0,'100',,'',36,60.12,90.36,30.24,'',50,''
'02923','7898336730417','COCO INGÁ 500G','DIVERSOS','','',11.9,8.5,8.5,,-1,1,0,'19/05/2016','19/05/2016','06/08/2016',0,'',0,'',,'',1,8.5,11.9,3.4,'',40,''
'02925','7896424100043','COPOSUL 200ML','DIVERSOS','','',2.99,1.99,1.99,,2,1,0,'19/05/2016','19/05/2016','13/06/2016',0,'',0,'',,'',4,7.96,11.96,4,'',50,''
'02927','7897147500172','COPO MAIS 50ML','DIVERSOS','','',1.49,0.99,0.99,,3,1,0,'19/05/2016','17/09/2016','30/06/2016',0,'',0,'',,'',7,6.93,10.43,3.5,'',50,''
'02931','320370076109','Casadinho de Nata','BISCOITOS','','',1.5,1,0,,1,0,0,'03/06/2016','19/08/2016','25/08/2016',0,'',0,'',,'',19,0,28.5,28.5,'',50,''
'02934','7892840252243','CHEETOS PIPOCA DE QUEIJO','SALGADINHOS','','',2.45,1.63,0,,17,0,0,'16/06/2016','25/08/2016','27/09/2016',0,'20',0,'100',,'',4,6.52,9.8,3.28,'',50,''
'02935','7892840251949','CHEETOS PIPOCA DOCE','SALGADINHOS','','',2.45,1.63,1.63,,18,,0,'16/06/2016','25/08/2016','28/09/2016',0,'20',0,'100',,'',6,9.78,14.7,4.92,'',50,''
'02965','7894900019254','COCA COLA PET 400ML','REFRIGERANTE','','',3.5,2.29,0,,-1,0,0,'12/08/2016','30/08/2016','16/09/2016',0,'20',0,'100',,'',,,,,'',53,''
'03013','','CORNETO CROCANTE','','','',0,0,0,,0,0,0,'01/09/2016','','',0,'',0,'',,'',,,,,'',,''
'03036','7897358900129','Cristal Churrasco','SALGADO','','',1,0.62,0,,5,0,0,'17/09/2016','16/09/2016','29/09/2016',0,'20',,'100',,'',,,,,'',61,''
'03037','7897358900181','Cristal Presunto','SALGADO','','',1,0.62,0,,3,0,0,'17/09/2016','16/09/2016','30/09/2016',0,'20',,'100',,'',,,,,'',61,''
'03039','7897358900167','Cristal Bacon','SALGADO','','',1,0.62,0,,8,0,0,'17/09/2016','16/09/2016','24/09/2016',0,'20',0,'100',,'',,,,,'',61,''
'00001','7897190305632','CHICLE BRINQ','CHICLETES','Pepsico do Brasil Ltda','',3.54,2,2,621,14,1,-101,'11/06/2002','06/10/2016','06/10/2016',,'20',0,'100',0,'






',52,86.84,129.48,42.64,'False',77,''
'03037','7897358900181','Cristal Presunto','SALGADO','','',1,0.62,0,,3,0,0,'17/09/2016','16/09/2016','30/09/2016',0,'20',,'100',,'',,,,,'',61,''
